,Name,Age,Salary,Gender,Department,Position,Joining Date,Performance Score,Email,Phone Number
0, Grace ,25,"50,000$",M,HR,Manager,2018-04-05,D,email@example.com,
1, David ,35,"65,000$",F,Finance,Director,2020-02-20,F,user@domain.com,123-456-7890
2, Hannah ,35,"60,260$",F,Sales,Director,2020-01-15,C,email@example.com,098-765-4321
3, Eve ,35,"50,000$",F,IT,Manager,2018-04-05,A,name@company.org,
4, Grace ,35,"60,260$",F,Finance,Manager,2020-01-15,F,name@company.org,098-765-4321
5, Jack ,35,"65,000$",Other,Marketing,Director,2019-03-25,F,user@domain.com,
6, Charlie ,35,"50,000$",M,Marketing,Clerk,2019-12-01,B,No Email Provided,123-456-7890
7, Grace ,40,"50,000$",Other,HR,Director,2019-03-25,C,No Email Provided,
8, Hannah ,40,"60,260$",F,Marketing,Manager,2020-01-15,C,user@domain.com,123-456-7890
9, Eve ,30,"60,260$",Other,Finance,Assistant,2020-02-20,A,No Email Provided,
10, David ,25,"70,000$",M,Marketing,Analyst,2019-12-01,B,No Email Provided,123-456-7890
11, Hannah ,35,"70,000$",Other,Finance,Assistant,2019-03-25,A,No Email Provided,
12, Hannah ,30,"50,000$",M,IT,Assistant,2018-04-05,D,No Email Provided,
13, Charlie ,25,"55,000$",Other,HR,Manager,2020-02-20,F,No Email Provided,555-555-5555
14, Frank ,50,"60,260$",M,Marketing,Director,2019-03-25,A,No Email Provided,123-456-7890
15, Eve ,35,"65,000$",M,Finance,Clerk,2018-04-05,F,No Email Provided,123-456-7890
16, Bob ,40,"55,000$",F,Sales,Assistant,2020-01-15,B,No Email Provided,098-765-4321
17, Hannah ,50,"55,000$",M,HR,Director,2018-04-05,D,user@domain.com,
18, Frank ,25,"60,260$",F,IT,Clerk,2019-03-25,B,email@example.com,555-555-5555
19, Bob ,50,"50,000$",F,Finance,Assistant,2019-03-25,D,user@domain.com,
20, Eve ,35,"50,000$",F,IT,Clerk,2020-01-15,D,email@example.com,098-765-4321
21, Alice ,25,"50,000$",Other,IT,Director,2018-04-05,F,user@domain.com,555-555-5555
22, Jack ,50,"50,000$",Other,Marketing,Analyst,2018-04-05,B,email@example.com,
23, Frank ,40,"70,000$",Other,Marketing,Director,2020-01-15,B,email@example.com,555-555-5555
24, Ivy ,40,"50,000$",Other,Finance,Manager,2018-04-05,A,name@company.org,123-456-7890
25, Alice ,30,"70,000$",M,Sales,Clerk,2020-01-15,B,email@example.com,123-456-7890
26, Jack ,50,"70,000$",M,Finance,Analyst,2020-02-20,A,email@example.com,098-765-4321
27, Charlie ,35,"50,000$",Other,Sales,Clerk,2019-03-25,C,name@company.org,
28, Grace ,50,"60,260$",M,IT,Clerk,2020-02-20,C,No Email Provided,
29, David ,25,"65,000$",M,HR,Assistant,2019-12-01,C,No Email Provided,555-555-5555
30, Ivy ,25,"55,000$",F,Finance,Manager,2019-12-01,B,name@company.org,098-765-4321
31, Charlie ,50,"70,000$",F,Finance,Clerk,2019-12-01,B,No Email Provided,
32, Eve ,35,"60,260$",F,Sales,Director,2020-01-15,A,email@example.com,123-456-7890
33, Charlie ,40,"60,260$",F,IT,Director,2018-04-05,D,email@example.com,555-555-5555
34, Grace ,25,"65,000$",M,IT,Assistant,2020-02-20,A,name@company.org,
35, Eve ,40,"60,260$",Other,Sales,Manager,2020-02-20,C,name@company.org,123-456-7890
36, Ivy ,25,"60,260$",M,IT,Manager,2020-02-20,A,No Email Provided,098-765-4321
37, Grace ,30,"60,260$",M,Marketing,Director,2020-02-20,D,No Email Provided,
38, Bob ,35,"55,000$",M,HR,Analyst,2019-12-01,B,user@domain.com,123-456-7890
39, David ,25,"55,000$",F,Finance,Assistant,2020-02-20,A,No Email Provided,
40, Ivy ,40,"70,000$",F,HR,Assistant,2018-04-05,C,email@example.com,
41, Bob ,30,"50,000$",F,Finance,Director,2019-12-01,C,name@company.org,098-765-4321
42, Jack ,25,"60,260$",Other,Marketing,Director,2020-02-20,B,No Email Provided,123-456-7890
43, Ivy ,35,"70,000$",M,IT,Analyst,2020-01-15,A,No Email Provided,555-555-5555
44, Jack ,35,"60,260$",Other,Sales,Analyst,2019-03-25,D,No Email Provided,123-456-7890
45, Eve ,25,"50,000$",F,Marketing,Manager,2019-03-25,B,No Email Provided,
46, Bob ,30,"60,260$",Other,HR,Assistant,2019-03-25,A,email@example.com,098-765-4321
47, David ,35,"60,260$",M,Sales,Assistant,2019-12-01,F,user@domain.com,098-765-4321
48, Grace ,50,"50,000$",M,IT,Director,2020-02-20,C,No Email Provided,555-555-5555
49, Hannah ,30,"70,000$",F,Marketing,Manager,2019-12-01,D,No Email Provided,098-765-4321
50, Charlie ,30,"50,000$",F,Sales,Assistant,2018-04-05,D,user@domain.com,098-765-4321
51, Alice ,35,"65,000$",Other,Marketing,Manager,2020-01-15,D,No Email Provided,098-765-4321
52, David ,30,"55,000$",F,Marketing,Manager,2020-01-15,C,No Email Provided,098-765-4321
53, Bob ,35,"70,000$",F,IT,Director,2019-03-25,A,No Email Provided,098-765-4321
54, Hannah ,25,"60,260$",M,Finance,Manager,2019-03-25,B,No Email Provided,
55, David ,35,"65,000$",F,Sales,Analyst,2019-03-25,A,user@domain.com,123-456-7890
56, Bob ,35,"70,000$",F,IT,Analyst,2020-02-20,B,email@example.com,
57, Frank ,35,"50,000$",M,Marketing,Clerk,2018-04-05,D,No Email Provided,098-765-4321
58, Frank ,35,"50,000$",M,IT,Director,2018-04-05,A,email@example.com,
59, Jack ,35,"50,000$",Other,Finance,Clerk,2018-04-05,D,user@domain.com,
60, David ,50,"50,000$",F,Sales,Analyst,2018-04-05,F,user@domain.com,
61, Frank ,25,"60,260$",M,Finance,Clerk,2019-03-25,D,No Email Provided,098-765-4321
62, Bob ,35,"65,000$",Other,HR,Director,2020-01-15,D,No Email Provided,
63, Jack ,50,"60,260$",Other,Sales,Director,2019-03-25,B,name@company.org,098-765-4321
64, Bob ,40,"55,000$",F,Finance,Manager,2018-04-05,F,user@domain.com,555-555-5555
65, Jack ,25,"60,260$",F,Marketing,Assistant,2019-03-25,D,No Email Provided,555-555-5555
66, David ,25,"60,260$",Other,Sales,Manager,2018-04-05,D,email@example.com,555-555-5555
67, Hannah ,40,"60,260$",M,Sales,Director,2019-12-01,F,No Email Provided,
68, Grace ,35,"60,260$",Other,IT,Analyst,2020-01-15,F,email@example.com,555-555-5555
69, Ivy ,50,"55,000$",F,Marketing,Analyst,2019-12-01,A,user@domain.com,
70, Hannah ,30,"55,000$",M,HR,Manager,2020-02-20,B,user@domain.com,
71, Eve ,35,"60,260$",M,Finance,Director,2019-03-25,F,email@example.com,
72, Bob ,30,"50,000$",Other,IT,Analyst,2020-02-20,F,user@domain.com,098-765-4321
73, Eve ,40,"60,260$",F,Finance,Director,2019-03-25,C,No Email Provided,123-456-7890
74, Hannah ,25,"70,000$",Other,HR,Analyst,2019-12-01,F,user@domain.com,098-765-4321
75, Jack ,25,"55,000$",Other,HR,Director,2018-04-05,B,No Email Provided,098-765-4321
76, Ivy ,35,"55,000$",Other,Sales,Clerk,2018-04-05,D,No Email Provided,098-765-4321
77, Ivy ,25,"60,260$",M,HR,Director,2019-03-25,D,name@company.org,098-765-4321
78, Alice ,25,"65,000$",M,Finance,Director,2018-04-05,D,user@domain.com,123-456-7890
79, Ivy ,35,"70,000$",F,Marketing,Manager,2019-12-01,D,user@domain.com,555-555-5555
80, Grace ,50,"70,000$",F,Marketing,Clerk,2018-04-05,C,No Email Provided,098-765-4321
81, Ivy ,50,"55,000$",Other,Sales,Assistant,2019-12-01,F,No Email Provided,
82, Hannah ,35,"50,000$",Other,Finance,Manager,2020-02-20,D,email@example.com,
83, Alice ,40,"65,000$",Other,Finance,Assistant,2019-12-01,A,email@example.com,
84, Hannah ,25,"70,000$",F,HR,Analyst,2020-01-15,D,email@example.com,
85, Hannah ,25,"55,000$",M,Finance,Assistant,2020-01-15,F,No Email Provided,098-765-4321
86, Charlie ,40,"70,000$",M,IT,Director,2020-01-15,D,email@example.com,123-456-7890
87, Alice ,50,"65,000$",Other,HR,Assistant,2019-03-25,C,email@example.com,555-555-5555
88, Hannah ,35,"65,000$",Other,IT,Manager,2019-03-25,B,name@company.org,
89, Charlie ,35,"60,260$",Other,Sales,Manager,2019-03-25,B,email@example.com,555-555-5555
90, Charlie ,35,"60,260$",Other,Marketing,Assistant,2019-12-01,F,user@domain.com,123-456-7890
91, Alice ,50,"60,260$",F,Sales,Manager,2019-03-25,B,No Email Provided,
92, Eve ,50,"55,000$",M,Marketing,Manager,2020-02-20,B,No Email Provided,555-555-5555
93, Jack ,40,"65,000$",Other,Sales,Assistant,2020-01-15,A,name@company.org,123-456-7890
94, Grace ,25,"60,260$",F,Finance,Clerk,2019-12-01,F,No Email Provided,555-555-5555
95, Jack ,40,"60,260$",Other,IT,Clerk,2020-01-15,F,No Email Provided,098-765-4321
96, Ivy ,40,"70,000$",Other,Marketing,Analyst,2019-03-25,B,user@domain.com,123-456-7890
97, Grace ,50,"70,000$",M,HR,Manager,2019-12-01,B,email@example.com,555-555-5555
98, Ivy ,35,"60,260$",Other,IT,Assistant,2018-04-05,B,user@domain.com,098-765-4321
99, Hannah ,30,"70,000$",M,HR,Manager,2020-02-20,C,email@example.com,098-765-4321
100, Bob ,25,"65,000$",M,IT,Director,2019-03-25,D,email@example.com,123-456-7890
101, Alice ,50,"50,000$",M,IT,Manager,2019-03-25,C,No Email Provided,
102, Grace ,35,"65,000$",F,Sales,Manager,2020-02-20,F,email@example.com,
103, Grace ,30,"60,260$",F,Marketing,Clerk,2020-02-20,A,name@company.org,123-456-7890
104, Hannah ,30,"60,260$",M,Marketing,Assistant,2018-04-05,D,name@company.org,098-765-4321
105, Eve ,50,"65,000$",Other,IT,Manager,2019-03-25,A,name@company.org,098-765-4321
106, Charlie ,35,"70,000$",M,Finance,Clerk,2019-03-25,F,No Email Provided,123-456-7890
107, Hannah ,25,"70,000$",Other,Finance,Analyst,2020-01-15,F,user@domain.com,
108, Frank ,30,"60,260$",M,HR,Clerk,2019-12-01,A,No Email Provided,
109, Charlie ,50,"60,260$",Other,HR,Clerk,2019-12-01,A,email@example.com,555-555-5555
110, Alice ,50,"55,000$",F,Sales,Clerk,2020-01-15,A,No Email Provided,123-456-7890
111, Charlie ,35,"60,260$",Other,IT,Manager,2019-12-01,F,user@domain.com,
112, Eve ,35,"70,000$",M,HR,Manager,2020-02-20,B,user@domain.com,
113, Charlie ,25,"65,000$",F,HR,Analyst,2019-12-01,A,No Email Provided,098-765-4321
114, Alice ,40,"70,000$",Other,IT,Director,2019-12-01,D,name@company.org,555-555-5555
115, Eve ,35,"65,000$",Other,Sales,Director,2020-01-15,F,name@company.org,123-456-7890
116, Jack ,30,"60,260$",Other,HR,Director,2018-04-05,C,user@domain.com,098-765-4321
117, Grace ,30,"60,260$",Other,Sales,Analyst,2019-12-01,C,No Email Provided,098-765-4321
118, Grace ,35,"70,000$",Other,Marketing,Director,2019-12-01,D,No Email Provided,
119, Ivy ,50,"65,000$",F,Sales,Director,2018-04-05,B,email@example.com,
120, Jack ,30,"60,260$",F,Finance,Clerk,2020-01-15,A,name@company.org,123-456-7890
121, Jack ,35,"55,000$",F,Finance,Manager,2018-04-05,F,user@domain.com,123-456-7890
122, Charlie ,25,"65,000$",F,Sales,Manager,2020-01-15,A,No Email Provided,123-456-7890
123, Grace ,35,"60,260$",M,Finance,Clerk,2020-02-20,F,name@company.org,098-765-4321
124, Alice ,30,"55,000$",F,Marketing,Clerk,2020-01-15,C,email@example.com,
125, David ,40,"55,000$",Other,IT,Clerk,2020-02-20,A,No Email Provided,555-555-5555
126, David ,25,"50,000$",Other,Finance,Manager,2020-02-20,D,user@domain.com,098-765-4321
127, Eve ,25,"70,000$",F,Finance,Director,2020-01-15,B,name@company.org,555-555-5555
128, Grace ,35,"65,000$",Other,Sales,Clerk,2019-03-25,D,No Email Provided,
129, Grace ,35,"55,000$",F,Marketing,Analyst,2020-01-15,B,email@example.com,
130, David ,40,"50,000$",Other,IT,Clerk,2019-12-01,A,email@example.com,123-456-7890
131, Grace ,50,"60,260$",M,Sales,Assistant,2019-12-01,A,name@company.org,555-555-5555
132, Charlie ,25,"60,260$",M,Sales,Clerk,2019-03-25,B,No Email Provided,098-765-4321
133, Frank ,40,"65,000$",F,Marketing,Manager,2020-02-20,C,email@example.com,555-555-5555
134, Bob ,35,"55,000$",F,IT,Clerk,2019-03-25,F,user@domain.com,
135, Jack ,35,"70,000$",F,Marketing,Assistant,2019-12-01,D,email@example.com,123-456-7890
136, Ivy ,25,"50,000$",Other,IT,Analyst,2019-03-25,D,No Email Provided,555-555-5555
137, Eve ,35,"55,000$",F,Marketing,Director,2020-01-15,D,No Email Provided,
138, Frank ,30,"70,000$",M,Sales,Clerk,2019-03-25,A,No Email Provided,098-765-4321
139, David ,35,"55,000$",Other,Sales,Assistant,2020-02-20,D,name@company.org,
140, Jack ,50,"65,000$",F,HR,Assistant,2020-01-15,F,No Email Provided,098-765-4321
141, Grace ,50,"65,000$",Other,Finance,Analyst,2018-04-05,F,email@example.com,123-456-7890
142, Ivy ,35,"65,000$",Other,Marketing,Manager,2019-12-01,B,email@example.com,098-765-4321
143, Grace ,35,"60,260$",F,HR,Clerk,2019-12-01,A,No Email Provided,098-765-4321
144, Alice ,35,"60,260$",Other,Finance,Assistant,2019-03-25,F,No Email Provided,098-765-4321
145, Alice ,40,"50,000$",M,Marketing,Analyst,2020-01-15,C,user@domain.com,098-765-4321
146, Ivy ,50,"65,000$",M,IT,Director,2018-04-05,A,No Email Provided,123-456-7890
147, Ivy ,40,"70,000$",Other,Finance,Assistant,2020-01-15,A,user@domain.com,
148, David ,50,"55,000$",F,Sales,Analyst,2019-12-01,F,email@example.com,555-555-5555
149, Ivy ,30,"60,260$",Other,HR,Manager,2020-01-15,C,user@domain.com,
150, Charlie ,30,"70,000$",M,Finance,Manager,2018-04-05,B,user@domain.com,555-555-5555
151, Grace ,25,"60,260$",Other,Finance,Assistant,2019-03-25,F,name@company.org,555-555-5555
152, Frank ,40,"60,260$",Other,Sales,Assistant,2020-02-20,C,No Email Provided,
153, Hannah ,35,"70,000$",M,Marketing,Clerk,2020-01-15,A,user@domain.com,123-456-7890
154, Ivy ,40,"60,260$",Other,IT,Analyst,2020-02-20,C,email@example.com,
155, Eve ,35,"65,000$",Other,Sales,Assistant,2019-12-01,A,No Email Provided,123-456-7890
156, Alice ,35,"50,000$",F,IT,Clerk,2019-03-25,F,user@domain.com,555-555-5555
157, Charlie ,40,"55,000$",F,Marketing,Clerk,2019-03-25,F,No Email Provided,123-456-7890
158, Jack ,35,"50,000$",M,Finance,Assistant,2020-01-15,D,name@company.org,
159, Hannah ,30,"55,000$",M,IT,Manager,2019-03-25,D,email@example.com,
160, Frank ,30,"55,000$",M,HR,Analyst,2020-01-15,D,name@company.org,
161, Hannah ,25,"50,000$",F,HR,Analyst,2020-01-15,F,No Email Provided,555-555-5555
162, Ivy ,40,"70,000$",M,Sales,Manager,2020-02-20,B,user@domain.com,
163, David ,35,"55,000$",M,Marketing,Assistant,2019-03-25,F,user@domain.com,555-555-5555
164, Alice ,35,"50,000$",M,Sales,Analyst,2020-01-15,C,No Email Provided,
165, Alice ,30,"55,000$",F,Sales,Assistant,2020-02-20,F,user@domain.com,555-555-5555
166, Jack ,30,"60,260$",Other,Sales,Assistant,2018-04-05,F,email@example.com,
167, David ,35,"70,000$",M,HR,Clerk,2020-02-20,A,No Email Provided,
168, Grace ,35,"65,000$",Other,HR,Manager,2020-02-20,A,name@company.org,555-555-5555
169, Bob ,35,"55,000$",M,Sales,Assistant,2020-01-15,A,No Email Provided,
170, Charlie ,40,"60,260$",Other,HR,Director,2019-12-01,F,user@domain.com,
171, Alice ,40,"65,000$",F,Marketing,Manager,2019-12-01,B,name@company.org,555-555-5555
172, Eve ,50,"65,000$",F,Sales,Analyst,2019-12-01,C,No Email Provided,
173, Alice ,50,"55,000$",M,HR,Clerk,2020-02-20,C,No Email Provided,
174, Hannah ,25,"50,000$",Other,IT,Analyst,2020-01-15,B,name@company.org,
175, Alice ,30,"55,000$",F,Sales,Analyst,2019-03-25,B,name@company.org,
176, Alice ,40,"60,260$",M,Sales,Manager,2020-02-20,C,name@company.org,
177, Bob ,35,"65,000$",M,Marketing,Analyst,2020-02-20,D,email@example.com,555-555-5555
178, Bob ,35,"55,000$",F,Finance,Assistant,2020-01-15,A,No Email Provided,
179, Frank ,35,"50,000$",F,Finance,Analyst,2018-04-05,A,name@company.org,
180, Grace ,30,"55,000$",M,Marketing,Clerk,2020-02-20,C,No Email Provided,123-456-7890
181, Eve ,50,"70,000$",Other,Marketing,Clerk,2018-04-05,B,name@company.org,
182, Alice ,35,"50,000$",Other,Marketing,Director,2018-04-05,D,No Email Provided,
183, Alice ,25,"60,260$",Other,Finance,Clerk,2019-12-01,C,No Email Provided,123-456-7890
184, Charlie ,30,"65,000$",M,Marketing,Analyst,2020-01-15,A,No Email Provided,
185, Bob ,50,"55,000$",F,HR,Clerk,2018-04-05,F,user@domain.com,098-765-4321
186, Eve ,35,"50,000$",M,Sales,Manager,2020-01-15,B,name@company.org,098-765-4321
187, Jack ,50,"70,000$",F,Sales,Clerk,2019-12-01,F,user@domain.com,
188, Frank ,25,"50,000$",Other,IT,Assistant,2020-01-15,C,No Email Provided,
189, Grace ,30,"60,260$",Other,IT,Manager,2020-02-20,A,user@domain.com,098-765-4321
190, David ,35,"70,000$",F,Sales,Director,2018-04-05,D,No Email Provided,555-555-5555
191, Grace ,25,"60,260$",F,HR,Assistant,2020-01-15,F,No Email Provided,555-555-5555
192, Hannah ,50,"65,000$",M,Finance,Analyst,2019-03-25,D,No Email Provided,123-456-7890
193, Alice ,25,"60,260$",Other,Finance,Analyst,2020-01-15,A,user@domain.com,
194, Frank ,30,"55,000$",M,HR,Analyst,2018-04-05,F,name@company.org,
195, Hannah ,40,"50,000$",M,Finance,Assistant,2019-12-01,D,user@domain.com,098-765-4321
196, Eve ,25,"60,260$",M,Marketing,Assistant,2019-12-01,D,name@company.org,
197, David ,25,"70,000$",Other,Sales,Assistant,2018-04-05,F,name@company.org,
198, Bob ,50,"70,000$",M,Sales,Manager,2020-02-20,A,No Email Provided,098-765-4321
199, Frank ,50,"50,000$",M,HR,Manager,2020-02-20,D,user@domain.com,098-765-4321
200, Frank ,35,"60,260$",M,Finance,Analyst,2019-12-01,C,name@company.org,
201, Alice ,50,"50,000$",M,IT,Clerk,2019-12-01,F,No Email Provided,098-765-4321
202, Ivy ,35,"55,000$",M,IT,Analyst,2018-04-05,B,name@company.org,123-456-7890
203, Frank ,30,"60,260$",M,Finance,Director,2020-02-20,B,No Email Provided,123-456-7890
204, Charlie ,30,"70,000$",Other,IT,Manager,2019-12-01,A,user@domain.com,
205, David ,40,"55,000$",M,HR,Assistant,2020-02-20,C,user@domain.com,
206, David ,40,"60,260$",F,HR,Manager,2019-12-01,D,user@domain.com,123-456-7890
207, Charlie ,30,"55,000$",M,Finance,Assistant,2020-01-15,B,name@company.org,123-456-7890
208, Jack ,40,"60,260$",M,IT,Director,2019-03-25,A,email@example.com,
209, Charlie ,35,"70,000$",Other,HR,Director,2020-01-15,C,name@company.org,555-555-5555
210, Charlie ,50,"50,000$",Other,HR,Manager,2019-12-01,C,name@company.org,098-765-4321
211, David ,30,"50,000$",F,Marketing,Assistant,2019-03-25,A,No Email Provided,123-456-7890
212, Grace ,40,"60,260$",F,Marketing,Director,2019-03-25,A,No Email Provided,555-555-5555
213, David ,30,"65,000$",Other,HR,Analyst,2019-12-01,D,name@company.org,
214, Ivy ,35,"60,260$",Other,Finance,Analyst,2019-12-01,A,No Email Provided,555-555-5555
215, Alice ,25,"60,260$",M,Sales,Assistant,2020-02-20,D,No Email Provided,
216, Hannah ,50,"65,000$",Other,Sales,Manager,2019-12-01,D,name@company.org,
217, Grace ,30,"55,000$",F,HR,Director,2018-04-05,F,email@example.com,
218, Bob ,25,"60,260$",M,HR,Manager,2019-12-01,C,No Email Provided,555-555-5555
219, Hannah ,40,"55,000$",F,HR,Analyst,2018-04-05,C,user@domain.com,
220, Alice ,25,"70,000$",M,Finance,Director,2019-12-01,C,name@company.org,123-456-7890
221, Ivy ,50,"60,260$",Other,Marketing,Manager,2020-02-20,F,name@company.org,555-555-5555
222, Ivy ,30,"65,000$",F,HR,Clerk,2018-04-05,D,No Email Provided,123-456-7890
223, Bob ,35,"70,000$",M,HR,Assistant,2020-01-15,D,No Email Provided,555-555-5555
224, Grace ,40,"50,000$",M,IT,Assistant,2018-04-05,A,No Email Provided,123-456-7890
225, Jack ,30,"65,000$",Other,Finance,Clerk,2020-02-20,F,No Email Provided,555-555-5555
226, Charlie ,50,"60,260$",Other,HR,Analyst,2018-04-05,A,user@domain.com,
227, Grace ,40,"50,000$",Other,IT,Director,2019-12-01,F,No Email Provided,098-765-4321
228, Jack ,35,"50,000$",F,Sales,Assistant,2019-12-01,A,No Email Provided,
229, Ivy ,25,"60,260$",M,HR,Clerk,2020-02-20,B,No Email Provided,123-456-7890
230, David ,50,"60,260$",Other,HR,Clerk,2019-03-25,C,No Email Provided,
231, Alice ,35,"50,000$",F,IT,Analyst,2019-12-01,C,email@example.com,
232, Bob ,30,"65,000$",F,Finance,Analyst,2020-01-15,D,email@example.com,098-765-4321
233, Alice ,35,"70,000$",F,HR,Manager,2020-02-20,B,name@company.org,123-456-7890
234, Eve ,40,"50,000$",Other,Sales,Assistant,2018-04-05,C,name@company.org,
235, Eve ,25,"65,000$",Other,HR,Manager,2018-04-05,D,No Email Provided,555-555-5555
236, Grace ,40,"55,000$",M,Sales,Clerk,2020-01-15,B,No Email Provided,
237, Ivy ,30,"65,000$",M,Marketing,Director,2019-12-01,C,user@domain.com,123-456-7890
238, Ivy ,40,"70,000$",Other,Marketing,Director,2020-02-20,A,user@domain.com,
239, Charlie ,25,"65,000$",F,Sales,Analyst,2020-01-15,F,email@example.com,123-456-7890
240, Charlie ,30,"60,260$",F,Finance,Director,2019-12-01,B,name@company.org,555-555-5555
241, Charlie ,40,"70,000$",F,HR,Director,2020-02-20,D,email@example.com,098-765-4321
242, David ,35,"60,260$",M,HR,Director,2018-04-05,B,email@example.com,
243, Hannah ,50,"55,000$",F,Marketing,Clerk,2020-02-20,D,name@company.org,123-456-7890
244, Frank ,30,"60,260$",M,Sales,Director,2019-03-25,B,user@domain.com,123-456-7890
245, Hannah ,50,"60,260$",M,HR,Director,2020-02-20,D,name@company.org,123-456-7890
246, Alice ,30,"65,000$",F,HR,Director,2019-03-25,C,No Email Provided,098-765-4321
247, Hannah ,35,"70,000$",F,Finance,Manager,2020-02-20,A,No Email Provided,123-456-7890
248, David ,50,"55,000$",Other,IT,Clerk,2019-03-25,C,No Email Provided,
249, Alice ,35,"60,260$",Other,Marketing,Analyst,2018-04-05,A,No Email Provided,
250, Hannah ,25,"60,260$",F,Marketing,Manager,2019-12-01,C,user@domain.com,123-456-7890
251, David ,35,"60,260$",M,IT,Assistant,2019-03-25,C,user@domain.com,
252, Frank ,40,"55,000$",M,HR,Clerk,2019-03-25,B,No Email Provided,
253, Hannah ,35,"65,000$",M,Finance,Clerk,2018-04-05,F,email@example.com,
254, David ,35,"55,000$",M,Finance,Assistant,2019-03-25,D,No Email Provided,123-456-7890
255, Charlie ,30,"60,260$",M,Marketing,Assistant,2020-01-15,D,No Email Provided,555-555-5555
256, Ivy ,40,"50,000$",Other,Finance,Assistant,2018-04-05,D,email@example.com,
257, Charlie ,40,"60,260$",F,IT,Analyst,2020-01-15,A,name@company.org,098-765-4321
258, Ivy ,35,"55,000$",Other,HR,Director,2018-04-05,D,name@company.org,123-456-7890
259, Bob ,35,"60,260$",M,IT,Clerk,2019-03-25,D,user@domain.com,098-765-4321
260, Bob ,35,"65,000$",M,Sales,Director,2020-01-15,B,No Email Provided,555-555-5555
261, Bob ,25,"60,260$",M,Marketing,Director,2019-03-25,C,user@domain.com,098-765-4321
262, Frank ,35,"65,000$",M,Finance,Assistant,2018-04-05,D,name@company.org,123-456-7890
263, Charlie ,35,"55,000$",F,Sales,Analyst,2019-03-25,F,email@example.com,123-456-7890
264, Ivy ,50,"65,000$",M,Finance,Manager,2020-01-15,D,user@domain.com,555-555-5555
265, David ,30,"70,000$",F,HR,Analyst,2020-01-15,A,No Email Provided,123-456-7890
266, Alice ,50,"70,000$",M,HR,Director,2019-03-25,A,No Email Provided,555-555-5555
267, David ,50,"70,000$",F,HR,Analyst,2020-02-20,A,email@example.com,555-555-5555
268, Alice ,40,"50,000$",Other,Finance,Assistant,2018-04-05,D,name@company.org,123-456-7890
269, Eve ,25,"55,000$",M,Sales,Manager,2018-04-05,B,No Email Provided,
270, David ,30,"60,260$",F,HR,Assistant,2019-03-25,F,No Email Provided,555-555-5555
271, Hannah ,35,"60,260$",Other,Sales,Manager,2020-02-20,D,No Email Provided,123-456-7890
272, Hannah ,35,"50,000$",M,Finance,Director,2020-01-15,B,user@domain.com,
273, Grace ,35,"65,000$",M,Sales,Manager,2019-12-01,B,name@company.org,555-555-5555
274, Charlie ,35,"50,000$",M,Finance,Manager,2019-12-01,D,user@domain.com,
275, Alice ,35,"65,000$",F,Finance,Manager,2019-03-25,D,name@company.org,
276, Alice ,35,"65,000$",F,Marketing,Analyst,2020-02-20,B,No Email Provided,
277, Charlie ,25,"60,260$",Other,Finance,Analyst,2020-02-20,B,No Email Provided,
278, Frank ,50,"60,260$",F,Finance,Director,2018-04-05,B,user@domain.com,555-555-5555
279, Grace ,35,"70,000$",F,IT,Manager,2020-01-15,D,No Email Provided,123-456-7890
280, Frank ,40,"65,000$",M,HR,Clerk,2020-02-20,B,name@company.org,098-765-4321
281, Frank ,35,"60,260$",M,Marketing,Director,2019-12-01,A,user@domain.com,123-456-7890
282, Frank ,30,"60,260$",M,Marketing,Manager,2020-01-15,D,user@domain.com,098-765-4321
283, Charlie ,25,"70,000$",M,Marketing,Manager,2020-01-15,A,No Email Provided,098-765-4321
284, Frank ,30,"65,000$",M,IT,Analyst,2019-03-25,C,user@domain.com,555-555-5555
285, Hannah ,30,"65,000$",M,Finance,Director,2020-02-20,D,No Email Provided,
286, Bob ,40,"50,000$",M,HR,Manager,2019-03-25,C,No Email Provided,123-456-7890
287, Eve ,25,"50,000$",Other,Sales,Manager,2020-02-20,B,No Email Provided,
288, Alice ,25,"60,260$",Other,Finance,Director,2018-04-05,B,name@company.org,
289, Alice ,25,"70,000$",Other,IT,Clerk,2019-03-25,F,No Email Provided,555-555-5555
290, Eve ,25,"65,000$",Other,Finance,Director,2019-03-25,B,No Email Provided,555-555-5555
291, Charlie ,25,"60,260$",M,Finance,Director,2019-12-01,C,email@example.com,
292, David ,40,"60,260$",Other,IT,Clerk,2019-03-25,B,email@example.com,123-456-7890
293, Charlie ,35,"55,000$",M,Marketing,Director,2020-02-20,D,user@domain.com,
294, Alice ,30,"50,000$",Other,Marketing,Manager,2019-12-01,B,user@domain.com,123-456-7890
295, Alice ,25,"70,000$",F,HR,Director,2019-03-25,F,email@example.com,098-765-4321
296, Eve ,35,"65,000$",Other,HR,Clerk,2019-03-25,B,No Email Provided,555-555-5555
297, Frank ,35,"60,260$",Other,Marketing,Assistant,2018-04-05,C,user@domain.com,123-456-7890
298, Charlie ,30,"65,000$",M,Sales,Director,2019-03-25,C,No Email Provided,
299, Ivy ,40,"55,000$",Other,Finance,Analyst,2020-01-15,B,No Email Provided,
300, Eve ,35,"70,000$",F,Sales,Manager,2019-12-01,C,No Email Provided,555-555-5555
301, Hannah ,35,"60,260$",M,Finance,Manager,2020-01-15,C,user@domain.com,
302, Alice ,35,"65,000$",M,Marketing,Analyst,2019-12-01,F,No Email Provided,
303, Eve ,50,"50,000$",Other,HR,Analyst,2018-04-05,D,user@domain.com,123-456-7890
304, Charlie ,50,"55,000$",M,HR,Director,2019-03-25,F,user@domain.com,
305, Alice ,30,"70,000$",M,Sales,Analyst,2019-03-25,A,No Email Provided,555-555-5555
306, David ,35,"55,000$",M,HR,Assistant,2019-03-25,F,email@example.com,123-456-7890
307, Eve ,35,"50,000$",M,Marketing,Clerk,2019-12-01,B,No Email Provided,098-765-4321
308, Grace ,40,"70,000$",M,Sales,Analyst,2019-03-25,D,No Email Provided,
309, Alice ,35,"55,000$",M,Finance,Analyst,2020-01-15,B,name@company.org,
310, Charlie ,35,"60,260$",F,HR,Assistant,2019-03-25,A,No Email Provided,123-456-7890
311, Bob ,35,"50,000$",Other,IT,Manager,2018-04-05,D,user@domain.com,
312, Ivy ,25,"50,000$",F,HR,Manager,2020-01-15,C,user@domain.com,
313, Jack ,40,"50,000$",M,Finance,Director,2019-03-25,F,No Email Provided,555-555-5555
314, Frank ,25,"60,260$",M,Sales,Assistant,2019-03-25,B,name@company.org,
315, Jack ,30,"60,260$",Other,Finance,Clerk,2020-02-20,A,No Email Provided,098-765-4321
316, Charlie ,25,"65,000$",F,IT,Clerk,2019-12-01,C,name@company.org,
317, Hannah ,25,"60,260$",Other,Marketing,Assistant,2020-01-15,F,name@company.org,
318, Hannah ,35,"55,000$",F,HR,Clerk,2020-02-20,C,No Email Provided,
319, Bob ,50,"65,000$",M,Sales,Manager,2018-04-05,F,user@domain.com,123-456-7890
320, Frank ,35,"55,000$",Other,Marketing,Clerk,2019-12-01,D,user@domain.com,
321, Grace ,40,"60,260$",Other,Finance,Clerk,2020-01-15,C,name@company.org,
322, Bob ,25,"60,260$",M,Sales,Assistant,2019-03-25,C,user@domain.com,123-456-7890
323, Jack ,40,"60,260$",Other,Marketing,Assistant,2020-01-15,C,email@example.com,555-555-5555
324, Bob ,50,"60,260$",F,Sales,Clerk,2019-03-25,D,name@company.org,123-456-7890
325, Jack ,50,"60,260$",F,IT,Analyst,2019-12-01,A,user@domain.com,098-765-4321
326, Alice ,25,"65,000$",F,IT,Assistant,2019-03-25,F,email@example.com,123-456-7890
327, Hannah ,30,"70,000$",F,HR,Director,2018-04-05,C,No Email Provided,555-555-5555
328, Alice ,25,"65,000$",M,HR,Director,2019-03-25,D,user@domain.com,
329, Ivy ,35,"55,000$",Other,IT,Manager,2018-04-05,A,email@example.com,123-456-7890
330, Frank ,35,"65,000$",F,Sales,Clerk,2019-12-01,F,No Email Provided,123-456-7890
331, Grace ,30,"50,000$",M,IT,Analyst,2019-12-01,D,No Email Provided,123-456-7890
332, Jack ,25,"55,000$",Other,HR,Manager,2020-01-15,F,email@example.com,123-456-7890
333, Grace ,40,"60,260$",Other,IT,Clerk,2018-04-05,C,name@company.org,555-555-5555
334, Jack ,30,"55,000$",M,IT,Assistant,2018-04-05,A,name@company.org,
335, Charlie ,30,"70,000$",M,Sales,Director,2020-02-20,D,user@domain.com,
336, Bob ,25,"60,260$",F,Marketing,Analyst,2020-02-20,A,No Email Provided,123-456-7890
337, Ivy ,30,"60,260$",Other,HR,Director,2020-02-20,C,name@company.org,555-555-5555
338, Hannah ,40,"55,000$",Other,Sales,Assistant,2019-03-25,A,name@company.org,555-555-5555
339, Jack ,50,"60,260$",M,IT,Clerk,2020-02-20,A,No Email Provided,123-456-7890
340, Grace ,30,"60,260$",Other,IT,Assistant,2018-04-05,B,No Email Provided,098-765-4321
341, Ivy ,50,"60,260$",F,Marketing,Assistant,2019-03-25,A,name@company.org,123-456-7890
342, David ,40,"60,260$",Other,HR,Director,2019-12-01,F,email@example.com,098-765-4321
343, David ,25,"65,000$",M,HR,Analyst,2020-01-15,D,user@domain.com,123-456-7890
344, Alice ,35,"60,260$",M,Finance,Assistant,2020-02-20,B,name@company.org,098-765-4321
345, Hannah ,30,"50,000$",F,HR,Director,2019-12-01,D,name@company.org,098-765-4321
346, Charlie ,35,"70,000$",F,Marketing,Analyst,2018-04-05,D,No Email Provided,123-456-7890
347, Grace ,40,"60,260$",Other,Finance,Clerk,2020-01-15,C,email@example.com,098-765-4321
348, Bob ,30,"55,000$",Other,Finance,Clerk,2019-12-01,C,user@domain.com,
349, Bob ,50,"60,260$",M,IT,Manager,2020-01-15,B,name@company.org,
350, Grace ,35,"55,000$",F,IT,Director,2020-02-20,C,user@domain.com,555-555-5555
351, Frank ,35,"60,260$",F,HR,Analyst,2018-04-05,C,No Email Provided,098-765-4321
352, Charlie ,30,"55,000$",F,Finance,Assistant,2020-01-15,C,name@company.org,098-765-4321
353, Ivy ,35,"60,260$",Other,IT,Clerk,2019-12-01,D,name@company.org,555-555-5555
354, Jack ,30,"65,000$",F,Marketing,Analyst,2020-02-20,B,No Email Provided,098-765-4321
355, Frank ,25,"55,000$",M,IT,Director,2020-02-20,D,No Email Provided,555-555-5555
356, Jack ,50,"55,000$",M,IT,Manager,2019-12-01,F,name@company.org,123-456-7890
357, Jack ,35,"50,000$",Other,Finance,Clerk,2019-12-01,D,user@domain.com,
358, Frank ,35,"55,000$",Other,Finance,Analyst,2020-01-15,F,email@example.com,
359, Alice ,35,"50,000$",F,Sales,Analyst,2019-03-25,A,user@domain.com,
360, David ,40,"70,000$",Other,Marketing,Analyst,2020-02-20,A,No Email Provided,098-765-4321
361, Jack ,30,"60,260$",M,Finance,Director,2020-01-15,F,email@example.com,
362, Frank ,35,"50,000$",F,HR,Director,2019-12-01,F,user@domain.com,123-456-7890
363, Frank ,40,"65,000$",M,Marketing,Director,2020-01-15,D,user@domain.com,
364, Eve ,35,"60,260$",F,Marketing,Assistant,2019-12-01,F,No Email Provided,123-456-7890
365, Alice ,30,"50,000$",Other,Finance,Analyst,2018-04-05,B,No Email Provided,123-456-7890
366, Hannah ,35,"60,260$",F,Marketing,Clerk,2019-12-01,A,No Email Provided,098-765-4321
367, Eve ,25,"60,260$",F,Finance,Director,2019-12-01,A,email@example.com,123-456-7890
368, Eve ,35,"60,260$",M,IT,Director,2019-12-01,F,No Email Provided,
369, Grace ,40,"70,000$",M,Sales,Analyst,2019-03-25,C,No Email Provided,
370, David ,50,"65,000$",F,IT,Director,2019-12-01,C,name@company.org,
371, Frank ,25,"60,260$",Other,Finance,Assistant,2020-02-20,F,name@company.org,098-765-4321
372, David ,40,"60,260$",Other,Finance,Assistant,2020-02-20,B,email@example.com,
373, Charlie ,30,"50,000$",M,IT,Director,2020-01-15,C,name@company.org,555-555-5555
374, Grace ,25,"60,260$",Other,HR,Analyst,2019-03-25,F,No Email Provided,
375, Hannah ,40,"50,000$",M,HR,Analyst,2020-01-15,B,email@example.com,555-555-5555
376, David ,30,"70,000$",Other,HR,Analyst,2020-02-20,B,No Email Provided,555-555-5555
377, Bob ,35,"70,000$",F,Finance,Manager,2020-02-20,D,email@example.com,098-765-4321
378, Jack ,50,"55,000$",M,Marketing,Director,2018-04-05,B,email@example.com,123-456-7890
379, Charlie ,30,"70,000$",M,Finance,Analyst,2019-12-01,C,user@domain.com,555-555-5555
380, Alice ,35,"55,000$",F,Marketing,Assistant,2020-02-20,C,user@domain.com,
381, Hannah ,30,"65,000$",M,IT,Clerk,2020-01-15,F,email@example.com,123-456-7890
382, Charlie ,30,"50,000$",Other,Sales,Clerk,2020-01-15,F,name@company.org,
383, Jack ,50,"65,000$",Other,Marketing,Analyst,2019-12-01,B,user@domain.com,
384, Grace ,35,"70,000$",M,HR,Clerk,2019-12-01,A,No Email Provided,123-456-7890
385, Jack ,40,"65,000$",Other,Finance,Clerk,2018-04-05,D,No Email Provided,123-456-7890
386, Eve ,40,"65,000$",M,IT,Manager,2019-03-25,A,user@domain.com,
387, Jack ,30,"65,000$",F,HR,Assistant,2020-01-15,B,email@example.com,098-765-4321
388, Eve ,35,"70,000$",M,IT,Assistant,2019-12-01,B,name@company.org,
389, Grace ,35,"60,260$",F,Sales,Manager,2020-01-15,A,No Email Provided,
390, Ivy ,50,"65,000$",Other,Finance,Manager,2019-12-01,D,user@domain.com,098-765-4321
391, Eve ,35,"55,000$",F,Finance,Clerk,2020-02-20,A,name@company.org,123-456-7890
392, Alice ,40,"70,000$",Other,Sales,Director,2020-01-15,F,name@company.org,
393, Jack ,50,"65,000$",M,Finance,Clerk,2020-02-20,C,name@company.org,
394, Jack ,25,"60,260$",Other,Marketing,Manager,2020-01-15,F,email@example.com,
395, Alice ,40,"70,000$",M,IT,Assistant,2019-03-25,C,No Email Provided,098-765-4321
396, Bob ,50,"60,260$",M,HR,Clerk,2018-04-05,B,name@company.org,
397, Frank ,40,"60,260$",F,Sales,Director,2020-02-20,D,No Email Provided,098-765-4321
398, Ivy ,35,"55,000$",F,Marketing,Clerk,2019-12-01,A,user@domain.com,123-456-7890
399, Hannah ,25,"65,000$",F,HR,Analyst,2019-03-25,D,No Email Provided,098-765-4321
400, Eve ,35,"60,260$",F,HR,Clerk,2020-01-15,A,email@example.com,098-765-4321
401, Alice ,25,"60,260$",Other,Sales,Manager,2020-02-20,F,email@example.com,
402, Grace ,30,"70,000$",Other,Marketing,Assistant,2020-01-15,F,No Email Provided,
403, Eve ,50,"60,260$",Other,HR,Assistant,2020-01-15,A,No Email Provided,
404, Frank ,25,"55,000$",M,HR,Manager,2020-01-15,D,email@example.com,555-555-5555
405, Grace ,35,"55,000$",Other,Marketing,Analyst,2018-04-05,A,email@example.com,098-765-4321
406, Charlie ,40,"50,000$",Other,Finance,Manager,2018-04-05,B,No Email Provided,555-555-5555
407, Jack ,25,"55,000$",Other,HR,Clerk,2019-12-01,F,email@example.com,
408, Charlie ,50,"60,260$",F,IT,Manager,2020-02-20,B,No Email Provided,
409, Eve ,25,"60,260$",Other,Marketing,Manager,2019-03-25,F,No Email Provided,
410, Frank ,35,"55,000$",M,HR,Analyst,2019-03-25,F,No Email Provided,
411, Ivy ,40,"70,000$",F,Sales,Clerk,2019-03-25,C,user@domain.com,
412, Eve ,50,"50,000$",M,IT,Director,2020-01-15,B,No Email Provided,123-456-7890
413, Alice ,50,"60,260$",Other,HR,Director,2018-04-05,B,No Email Provided,098-765-4321
414, David ,30,"50,000$",F,IT,Assistant,2020-02-20,C,user@domain.com,
415, Eve ,35,"60,260$",M,IT,Manager,2020-01-15,D,name@company.org,
416, Jack ,30,"70,000$",Other,Finance,Assistant,2018-04-05,B,email@example.com,
417, Jack ,50,"50,000$",M,IT,Analyst,2018-04-05,A,No Email Provided,
418, Eve ,40,"65,000$",M,Finance,Director,2020-02-20,C,email@example.com,
419, Grace ,25,"60,260$",M,Marketing,Manager,2020-02-20,B,No Email Provided,555-555-5555
420, David ,25,"60,260$",Other,Finance,Analyst,2020-02-20,D,email@example.com,098-765-4321
421, Alice ,40,"60,260$",Other,Sales,Analyst,2020-01-15,B,user@domain.com,098-765-4321
422, Eve ,50,"65,000$",M,HR,Manager,2019-12-01,F,email@example.com,123-456-7890
423, Grace ,25,"50,000$",F,Marketing,Analyst,2020-02-20,A,email@example.com,123-456-7890
424, Jack ,25,"65,000$",F,Marketing,Manager,2019-12-01,C,email@example.com,123-456-7890
425, Jack ,25,"65,000$",Other,Sales,Manager,2020-01-15,F,name@company.org,098-765-4321
426, Frank ,35,"50,000$",Other,Finance,Clerk,2019-12-01,D,name@company.org,555-555-5555
427, Eve ,35,"70,000$",Other,HR,Assistant,2019-03-25,F,No Email Provided,098-765-4321
428, David ,35,"65,000$",Other,Finance,Analyst,2019-12-01,F,user@domain.com,098-765-4321
429, Bob ,30,"65,000$",Other,IT,Analyst,2020-02-20,D,email@example.com,098-765-4321
430, David ,40,"70,000$",F,Finance,Clerk,2020-01-15,F,email@example.com,098-765-4321
431, Jack ,40,"65,000$",Other,Marketing,Clerk,2020-02-20,C,email@example.com,555-555-5555
432, Jack ,40,"65,000$",M,HR,Clerk,2019-03-25,B,email@example.com,123-456-7890
433, Charlie ,35,"65,000$",M,Finance,Director,2020-02-20,F,name@company.org,
434, Jack ,35,"60,260$",F,HR,Director,2020-02-20,C,No Email Provided,123-456-7890
435, Alice ,50,"55,000$",M,HR,Director,2020-02-20,B,No Email Provided,123-456-7890
436, Hannah ,50,"70,000$",F,IT,Manager,2018-04-05,B,user@domain.com,
437, Eve ,35,"65,000$",F,IT,Analyst,2019-03-25,F,email@example.com,098-765-4321
438, David ,50,"60,260$",M,Marketing,Assistant,2020-02-20,C,No Email Provided,555-555-5555
439, Hannah ,40,"70,000$",Other,Sales,Manager,2020-02-20,F,No Email Provided,555-555-5555
440, Grace ,30,"60,260$",M,HR,Analyst,2020-02-20,D,No Email Provided,123-456-7890
441, Bob ,25,"60,260$",M,Sales,Analyst,2020-01-15,B,name@company.org,
442, Alice ,35,"65,000$",F,Marketing,Clerk,2018-04-05,F,No Email Provided,
443, David ,35,"60,260$",M,HR,Clerk,2020-01-15,B,No Email Provided,098-765-4321
444, Hannah ,35,"60,260$",F,HR,Manager,2018-04-05,C,name@company.org,123-456-7890
445, Bob ,35,"70,000$",Other,Sales,Clerk,2020-02-20,A,No Email Provided,555-555-5555
446, Charlie ,40,"70,000$",Other,Finance,Analyst,2019-03-25,F,No Email Provided,
447, Alice ,50,"60,260$",Other,IT,Clerk,2019-12-01,F,No Email Provided,
448, Alice ,40,"70,000$",M,Finance,Director,2019-12-01,B,name@company.org,123-456-7890
449, Charlie ,35,"60,260$",F,Sales,Clerk,2020-02-20,C,email@example.com,
450, Eve ,40,"55,000$",Other,IT,Analyst,2020-01-15,D,user@domain.com,555-555-5555
451, Charlie ,50,"60,260$",F,Finance,Manager,2019-03-25,C,No Email Provided,123-456-7890
452, Alice ,30,"60,260$",F,IT,Assistant,2018-04-05,F,name@company.org,
453, Alice ,35,"70,000$",Other,HR,Clerk,2020-02-20,D,No Email Provided,
454, Hannah ,30,"60,260$",Other,Finance,Analyst,2019-03-25,C,name@company.org,098-765-4321
455, Jack ,25,"60,260$",F,IT,Assistant,2019-03-25,A,user@domain.com,555-555-5555
456, Bob ,30,"70,000$",Other,IT,Assistant,2018-04-05,B,user@domain.com,555-555-5555
457, Charlie ,25,"55,000$",F,IT,Director,2019-03-25,C,email@example.com,
458, Bob ,25,"55,000$",F,Finance,Assistant,2020-01-15,C,email@example.com,123-456-7890
459, Charlie ,30,"70,000$",Other,Marketing,Analyst,2020-01-15,A,user@domain.com,
460, Grace ,35,"50,000$",M,Finance,Analyst,2020-01-15,F,No Email Provided,
461, Alice ,50,"70,000$",Other,Sales,Clerk,2019-03-25,B,No Email Provided,098-765-4321
462, Jack ,40,"70,000$",M,Finance,Clerk,2020-01-15,C,No Email Provided,098-765-4321
463, Hannah ,40,"55,000$",F,IT,Clerk,2018-04-05,D,email@example.com,098-765-4321
464, Jack ,50,"55,000$",F,HR,Assistant,2019-03-25,C,No Email Provided,
465, Jack ,25,"70,000$",M,Finance,Assistant,2019-12-01,B,email@example.com,
466, Jack ,25,"70,000$",F,Finance,Director,2019-03-25,C,user@domain.com,555-555-5555
467, Bob ,35,"70,000$",M,IT,Clerk,2018-04-05,A,No Email Provided,123-456-7890
468, Charlie ,35,"55,000$",M,HR,Manager,2019-12-01,C,No Email Provided,555-555-5555
469, Ivy ,30,"70,000$",F,HR,Director,2019-03-25,C,user@domain.com,
470, Grace ,25,"70,000$",M,Sales,Manager,2020-01-15,D,No Email Provided,555-555-5555
471, David ,40,"65,000$",Other,Finance,Assistant,2020-02-20,A,No Email Provided,
472, Jack ,35,"50,000$",Other,HR,Director,2020-02-20,A,name@company.org,098-765-4321
473, Eve ,30,"60,260$",F,HR,Director,2020-01-15,C,email@example.com,
474, Bob ,35,"50,000$",F,Marketing,Analyst,2020-02-20,D,No Email Provided,
475, Hannah ,30,"65,000$",M,Marketing,Assistant,2020-02-20,C,user@domain.com,555-555-5555
476, David ,30,"60,260$",M,HR,Assistant,2020-01-15,C,No Email Provided,
477, Ivy ,50,"70,000$",M,Sales,Director,2020-01-15,B,No Email Provided,555-555-5555
478, Eve ,25,"65,000$",M,HR,Assistant,2019-03-25,B,email@example.com,555-555-5555
479, Ivy ,35,"70,000$",Other,IT,Director,2019-03-25,D,name@company.org,
480, David ,35,"55,000$",Other,Finance,Analyst,2020-01-15,F,email@example.com,555-555-5555
481, Jack ,50,"60,260$",F,Sales,Director,2018-04-05,B,No Email Provided,098-765-4321
482, Eve ,40,"65,000$",M,IT,Assistant,2020-02-20,F,No Email Provided,555-555-5555
483, Ivy ,40,"55,000$",M,Sales,Assistant,2019-03-25,A,No Email Provided,098-765-4321
484, Hannah ,25,"65,000$",F,IT,Director,2020-02-20,B,No Email Provided,
485, Charlie ,25,"65,000$",M,Finance,Director,2019-12-01,B,user@domain.com,
486, Alice ,35,"55,000$",M,Finance,Director,2020-01-15,D,name@company.org,098-765-4321
487, Charlie ,50,"60,260$",M,Marketing,Clerk,2018-04-05,F,No Email Provided,
488, David ,40,"50,000$",M,IT,Assistant,2019-12-01,B,No Email Provided,
489, Bob ,30,"70,000$",M,Marketing,Assistant,2019-12-01,B,No Email Provided,098-765-4321
490, Alice ,35,"65,000$",F,IT,Clerk,2019-12-01,D,name@company.org,
491, Grace ,25,"70,000$",M,Marketing,Director,2020-01-15,D,email@example.com,123-456-7890
492, Hannah ,35,"60,260$",F,Finance,Analyst,2019-03-25,F,name@company.org,
493, Grace ,35,"55,000$",M,Sales,Director,2020-01-15,A,name@company.org,
494, Eve ,35,"70,000$",Other,Marketing,Director,2019-03-25,A,name@company.org,
495, Alice ,40,"55,000$",Other,IT,Clerk,2019-12-01,C,No Email Provided,
496, Grace ,25,"70,000$",Other,IT,Assistant,2019-12-01,B,No Email Provided,555-555-5555
497, Grace ,35,"50,000$",Other,Finance,Director,2018-04-05,F,user@domain.com,
498, Ivy ,25,"50,000$",F,IT,Assistant,2019-03-25,B,email@example.com,
499, Charlie ,30,"50,000$",F,HR,Manager,2019-12-01,F,No Email Provided,098-765-4321
500, Ivy ,35,"50,000$",M,Sales,Assistant,2020-02-20,F,name@company.org,123-456-7890
501, Alice ,30,"50,000$",Other,Marketing,Analyst,2018-04-05,F,email@example.com,555-555-5555
502, Alice ,25,"50,000$",F,Sales,Analyst,2020-01-15,B,email@example.com,098-765-4321
503, David ,25,"55,000$",M,Finance,Director,2018-04-05,D,user@domain.com,123-456-7890
504, Ivy ,40,"65,000$",M,Marketing,Assistant,2020-02-20,B,No Email Provided,123-456-7890
505, Frank ,35,"70,000$",F,Marketing,Director,2019-03-25,F,name@company.org,123-456-7890
506, Charlie ,35,"50,000$",Other,HR,Clerk,2020-01-15,C,No Email Provided,098-765-4321
507, Alice ,30,"55,000$",M,Finance,Analyst,2020-01-15,A,user@domain.com,555-555-5555
508, David ,35,"55,000$",Other,IT,Director,2019-03-25,F,No Email Provided,555-555-5555
509, Ivy ,50,"55,000$",Other,HR,Clerk,2018-04-05,C,email@example.com,123-456-7890
510, Charlie ,35,"65,000$",Other,HR,Director,2019-12-01,D,name@company.org,098-765-4321
511, Ivy ,40,"70,000$",M,Sales,Assistant,2018-04-05,F,No Email Provided,123-456-7890
512, Grace ,30,"65,000$",Other,Sales,Assistant,2020-02-20,C,user@domain.com,
513, David ,30,"60,260$",M,Sales,Assistant,2019-12-01,F,No Email Provided,555-555-5555
514, Charlie ,50,"55,000$",Other,HR,Assistant,2018-04-05,B,email@example.com,
515, Jack ,40,"60,260$",M,IT,Manager,2019-03-25,C,name@company.org,123-456-7890
516, Eve ,35,"60,260$",Other,Marketing,Clerk,2020-02-20,B,No Email Provided,
517, Eve ,40,"50,000$",F,Sales,Clerk,2020-02-20,B,No Email Provided,555-555-5555
518, Charlie ,35,"50,000$",Other,IT,Assistant,2020-02-20,C,email@example.com,098-765-4321
519, Ivy ,40,"65,000$",Other,Finance,Manager,2019-12-01,A,No Email Provided,555-555-5555
520, David ,40,"70,000$",M,Sales,Assistant,2020-01-15,C,user@domain.com,098-765-4321
521, Eve ,25,"60,260$",M,Marketing,Manager,2019-12-01,A,No Email Provided,098-765-4321
522, David ,30,"70,000$",Other,Finance,Assistant,2018-04-05,F,No Email Provided,123-456-7890
523, Eve ,40,"65,000$",F,Finance,Analyst,2020-01-15,F,No Email Provided,123-456-7890
524, Grace ,50,"50,000$",F,Marketing,Analyst,2018-04-05,C,email@example.com,555-555-5555
525, Ivy ,40,"70,000$",M,Sales,Director,2020-01-15,F,email@example.com,
526, Grace ,35,"70,000$",F,HR,Assistant,2019-12-01,D,user@domain.com,555-555-5555
527, Eve ,30,"50,000$",Other,Marketing,Clerk,2020-02-20,B,No Email Provided,
528, Jack ,35,"60,260$",M,Marketing,Director,2019-03-25,B,email@example.com,098-765-4321
529, Jack ,30,"50,000$",Other,Marketing,Analyst,2020-02-20,A,user@domain.com,098-765-4321
530, Grace ,35,"70,000$",M,Finance,Assistant,2019-12-01,F,user@domain.com,123-456-7890
531, Jack ,40,"60,260$",M,IT,Director,2020-01-15,A,No Email Provided,
532, Eve ,40,"60,260$",M,HR,Assistant,2020-02-20,B,name@company.org,123-456-7890
533, Charlie ,25,"50,000$",M,Sales,Analyst,2019-12-01,B,No Email Provided,
534, Grace ,50,"70,000$",F,Sales,Director,2018-04-05,F,name@company.org,555-555-5555
535, Bob ,35,"65,000$",Other,IT,Analyst,2019-03-25,D,user@domain.com,555-555-5555
536, Ivy ,35,"70,000$",Other,Marketing,Manager,2020-02-20,D,email@example.com,
537, Jack ,25,"55,000$",Other,HR,Analyst,2020-01-15,F,No Email Provided,123-456-7890
538, Jack ,35,"60,260$",M,Sales,Assistant,2018-04-05,F,user@domain.com,123-456-7890
539, Alice ,35,"65,000$",F,Sales,Clerk,2019-12-01,A,email@example.com,
540, Frank ,25,"60,260$",Other,Marketing,Analyst,2019-03-25,F,user@domain.com,555-555-5555
541, Grace ,40,"65,000$",F,IT,Clerk,2020-01-15,D,No Email Provided,123-456-7890
542, Hannah ,35,"60,260$",M,HR,Manager,2019-12-01,F,name@company.org,
543, Jack ,40,"60,260$",Other,IT,Director,2019-12-01,A,user@domain.com,555-555-5555
544, Ivy ,25,"65,000$",F,IT,Director,2020-02-20,A,email@example.com,
545, Bob ,40,"60,260$",M,HR,Clerk,2020-02-20,A,No Email Provided,
546, Jack ,30,"60,260$",F,HR,Director,2020-01-15,A,No Email Provided,098-765-4321
547, Bob ,35,"55,000$",Other,Sales,Analyst,2019-12-01,C,No Email Provided,
548, Eve ,35,"70,000$",Other,Sales,Clerk,2020-02-20,F,name@company.org,
549, Eve ,50,"70,000$",M,HR,Assistant,2019-03-25,B,No Email Provided,123-456-7890
550, Frank ,35,"60,260$",M,Finance,Analyst,2019-03-25,F,No Email Provided,098-765-4321
551, Charlie ,40,"60,260$",M,Sales,Analyst,2019-12-01,C,email@example.com,
552, Hannah ,35,"55,000$",F,Finance,Analyst,2020-02-20,A,user@domain.com,123-456-7890
553, Alice ,40,"60,260$",F,HR,Assistant,2020-01-15,C,name@company.org,098-765-4321
554, Frank ,30,"65,000$",F,Sales,Manager,2020-01-15,D,No Email Provided,555-555-5555
555, David ,25,"50,000$",M,IT,Director,2020-01-15,D,name@company.org,123-456-7890
556, Alice ,35,"50,000$",Other,HR,Clerk,2019-03-25,F,No Email Provided,
557, Grace ,30,"50,000$",Other,Marketing,Manager,2020-02-20,F,name@company.org,
558, Ivy ,30,"55,000$",F,Finance,Clerk,2020-02-20,B,No Email Provided,098-765-4321
559, David ,35,"55,000$",F,HR,Director,2019-03-25,B,user@domain.com,123-456-7890
560, David ,40,"60,260$",Other,HR,Assistant,2020-01-15,D,user@domain.com,555-555-5555
561, Frank ,50,"50,000$",Other,Sales,Analyst,2020-01-15,A,name@company.org,
562, Charlie ,30,"65,000$",F,Sales,Analyst,2019-12-01,C,email@example.com,
563, Frank ,35,"60,260$",F,Sales,Assistant,2018-04-05,B,name@company.org,123-456-7890
564, Grace ,30,"65,000$",Other,Marketing,Manager,2020-02-20,B,No Email Provided,555-555-5555
565, Jack ,50,"60,260$",M,Sales,Manager,2020-02-20,A,user@domain.com,098-765-4321
566, Jack ,40,"50,000$",F,HR,Clerk,2020-02-20,A,user@domain.com,123-456-7890
567, Charlie ,40,"50,000$",Other,Sales,Assistant,2018-04-05,F,user@domain.com,098-765-4321
568, Grace ,35,"50,000$",Other,IT,Manager,2019-12-01,C,email@example.com,
569, Charlie ,30,"55,000$",Other,Sales,Assistant,2018-04-05,A,email@example.com,098-765-4321
570, Bob ,40,"60,260$",Other,Marketing,Director,2020-01-15,B,No Email Provided,555-555-5555
571, Jack ,50,"55,000$",M,IT,Analyst,2020-01-15,B,name@company.org,
572, David ,35,"55,000$",Other,HR,Analyst,2020-02-20,D,name@company.org,555-555-5555
573, Hannah ,25,"70,000$",F,HR,Analyst,2019-03-25,A,No Email Provided,098-765-4321
574, Ivy ,25,"65,000$",M,Finance,Assistant,2020-02-20,F,user@domain.com,123-456-7890
575, Grace ,25,"65,000$",Other,IT,Assistant,2019-03-25,C,email@example.com,
576, Alice ,30,"60,260$",M,Finance,Clerk,2018-04-05,F,No Email Provided,
577, Charlie ,35,"55,000$",F,IT,Analyst,2020-01-15,B,No Email Provided,123-456-7890
578, Ivy ,40,"60,260$",Other,IT,Clerk,2019-03-25,F,email@example.com,123-456-7890
579, Alice ,35,"70,000$",F,Marketing,Analyst,2018-04-05,B,name@company.org,555-555-5555
580, Ivy ,50,"70,000$",Other,Finance,Clerk,2020-01-15,B,user@domain.com,098-765-4321
581, Hannah ,35,"65,000$",Other,Marketing,Clerk,2019-03-25,B,name@company.org,555-555-5555
582, Alice ,50,"55,000$",Other,IT,Director,2020-02-20,B,No Email Provided,098-765-4321
583, Frank ,30,"60,260$",Other,HR,Clerk,2020-02-20,B,user@domain.com,555-555-5555
584, Eve ,25,"55,000$",Other,IT,Assistant,2020-02-20,D,No Email Provided,123-456-7890
585, Frank ,30,"50,000$",M,Marketing,Clerk,2018-04-05,F,No Email Provided,
586, Jack ,35,"55,000$",Other,Finance,Analyst,2020-02-20,D,name@company.org,098-765-4321
587, Eve ,35,"50,000$",Other,Finance,Clerk,2019-12-01,D,name@company.org,
588, Frank ,50,"50,000$",M,Marketing,Manager,2020-01-15,A,name@company.org,
589, Eve ,40,"60,260$",M,Finance,Analyst,2018-04-05,A,email@example.com,123-456-7890
590, Eve ,40,"60,260$",M,Sales,Manager,2020-02-20,A,No Email Provided,555-555-5555
591, David ,50,"65,000$",M,HR,Analyst,2020-01-15,C,user@domain.com,555-555-5555
592, Charlie ,35,"55,000$",M,HR,Assistant,2019-03-25,A,name@company.org,123-456-7890
593, Charlie ,35,"50,000$",M,HR,Assistant,2020-02-20,F,name@company.org,
594, David ,35,"55,000$",Other,Finance,Assistant,2020-01-15,D,email@example.com,
595, Ivy ,30,"60,260$",Other,Finance,Manager,2019-12-01,F,user@domain.com,555-555-5555
596, Bob ,35,"65,000$",F,IT,Director,2019-03-25,A,No Email Provided,098-765-4321
597, Ivy ,35,"60,260$",Other,IT,Analyst,2019-12-01,C,No Email Provided,
598, Alice ,25,"65,000$",Other,HR,Assistant,2020-01-15,C,email@example.com,098-765-4321
599, Alice ,35,"70,000$",M,Sales,Analyst,2019-12-01,D,No Email Provided,
600, Eve ,50,"65,000$",M,IT,Manager,2020-01-15,F,No Email Provided,098-765-4321
601, Frank ,25,"60,260$",Other,IT,Director,2020-01-15,B,name@company.org,
602, Frank ,30,"60,260$",F,Finance,Manager,2019-12-01,F,name@company.org,098-765-4321
603, Charlie ,50,"50,000$",M,Sales,Analyst,2020-01-15,A,user@domain.com,098-765-4321
604, Grace ,25,"70,000$",Other,HR,Director,2020-02-20,B,No Email Provided,098-765-4321
605, Ivy ,50,"60,260$",Other,IT,Director,2020-01-15,C,name@company.org,098-765-4321
606, Jack ,30,"55,000$",F,Sales,Manager,2018-04-05,D,name@company.org,123-456-7890
607, Hannah ,35,"60,260$",F,Sales,Assistant,2020-01-15,D,user@domain.com,
608, Frank ,30,"50,000$",M,HR,Analyst,2018-04-05,C,No Email Provided,
609, Hannah ,30,"65,000$",F,Sales,Clerk,2020-01-15,A,name@company.org,
610, Eve ,50,"50,000$",Other,Sales,Clerk,2020-01-15,C,email@example.com,123-456-7890
611, Hannah ,40,"55,000$",Other,Sales,Manager,2019-12-01,A,email@example.com,123-456-7890
612, Jack ,35,"70,000$",F,IT,Analyst,2020-02-20,B,No Email Provided,123-456-7890
613, David ,35,"70,000$",F,HR,Analyst,2020-02-20,C,No Email Provided,123-456-7890
614, Jack ,35,"60,260$",F,Sales,Manager,2019-03-25,A,user@domain.com,098-765-4321
615, Hannah ,35,"70,000$",F,Sales,Analyst,2019-12-01,B,email@example.com,
616, Jack ,35,"60,260$",M,IT,Assistant,2019-12-01,C,email@example.com,555-555-5555
617, Bob ,40,"60,260$",F,HR,Manager,2020-02-20,D,No Email Provided,
618, Eve ,35,"60,260$",M,Finance,Assistant,2019-12-01,C,No Email Provided,123-456-7890
619, Ivy ,40,"65,000$",Other,IT,Analyst,2020-02-20,F,No Email Provided,
620, David ,35,"60,260$",F,HR,Manager,2019-12-01,C,No Email Provided,123-456-7890
621, Frank ,25,"60,260$",M,Sales,Analyst,2020-01-15,F,email@example.com,123-456-7890
622, Alice ,50,"60,260$",F,HR,Manager,2020-02-20,B,user@domain.com,123-456-7890
623, Ivy ,35,"60,260$",Other,HR,Analyst,2020-02-20,C,email@example.com,123-456-7890
624, Alice ,35,"50,000$",Other,HR,Assistant,2018-04-05,B,No Email Provided,123-456-7890
625, Eve ,30,"60,260$",Other,Finance,Assistant,2019-12-01,B,email@example.com,
626, David ,30,"65,000$",F,HR,Analyst,2019-12-01,A,user@domain.com,
627, Charlie ,30,"70,000$",F,Finance,Manager,2020-02-20,B,name@company.org,123-456-7890
628, Frank ,50,"70,000$",M,Sales,Clerk,2020-01-15,B,email@example.com,123-456-7890
629, Bob ,30,"55,000$",Other,Finance,Assistant,2020-01-15,C,No Email Provided,123-456-7890
630, Charlie ,40,"55,000$",F,Sales,Assistant,2020-01-15,C,name@company.org,123-456-7890
631, Eve ,35,"70,000$",Other,Sales,Clerk,2019-12-01,D,No Email Provided,098-765-4321
632, Ivy ,25,"70,000$",Other,Finance,Analyst,2018-04-05,A,No Email Provided,098-765-4321
633, Bob ,35,"65,000$",M,IT,Manager,2020-02-20,B,No Email Provided,555-555-5555
634, Jack ,40,"60,260$",M,Marketing,Analyst,2019-03-25,A,email@example.com,123-456-7890
635, Hannah ,25,"55,000$",M,HR,Director,2018-04-05,F,No Email Provided,555-555-5555
636, Bob ,40,"60,260$",M,Marketing,Assistant,2019-03-25,B,name@company.org,
637, Eve ,40,"65,000$",Other,HR,Director,2018-04-05,A,user@domain.com,555-555-5555
638, Grace ,35,"70,000$",M,HR,Assistant,2020-01-15,D,No Email Provided,
639, Hannah ,35,"60,260$",M,Sales,Assistant,2019-12-01,D,email@example.com,098-765-4321
640, Alice ,30,"60,260$",M,HR,Director,2019-03-25,B,No Email Provided,098-765-4321
641, Frank ,50,"70,000$",M,HR,Director,2018-04-05,F,user@domain.com,123-456-7890
642, Alice ,35,"70,000$",Other,Finance,Analyst,2019-12-01,D,name@company.org,123-456-7890
643, Bob ,50,"50,000$",M,Marketing,Director,2019-03-25,D,No Email Provided,
644, Alice ,35,"60,260$",Other,Finance,Analyst,2020-02-20,F,No Email Provided,
645, Eve ,35,"60,260$",F,HR,Analyst,2018-04-05,A,user@domain.com,
646, Jack ,35,"60,260$",Other,Sales,Analyst,2020-02-20,D,email@example.com,123-456-7890
647, Ivy ,25,"70,000$",Other,Finance,Assistant,2020-01-15,C,name@company.org,123-456-7890
648, Frank ,50,"60,260$",M,Finance,Assistant,2020-02-20,D,user@domain.com,
649, Alice ,35,"65,000$",F,IT,Director,2020-02-20,A,No Email Provided,
650, Alice ,35,"50,000$",F,HR,Assistant,2018-04-05,A,name@company.org,
651, Bob ,40,"70,000$",F,Sales,Director,2020-01-15,B,No Email Provided,098-765-4321
652, Ivy ,40,"55,000$",F,Finance,Assistant,2020-02-20,C,user@domain.com,555-555-5555
653, Charlie ,40,"55,000$",Other,Finance,Manager,2019-12-01,A,No Email Provided,555-555-5555
654, Alice ,35,"50,000$",F,Sales,Manager,2019-03-25,F,No Email Provided,123-456-7890
655, Eve ,35,"65,000$",Other,HR,Director,2020-02-20,C,No Email Provided,098-765-4321
656, Grace ,50,"70,000$",Other,IT,Assistant,2020-01-15,C,email@example.com,
657, Frank ,35,"60,260$",Other,Finance,Assistant,2020-02-20,F,No Email Provided,123-456-7890
658, Alice ,25,"50,000$",F,IT,Analyst,2019-03-25,D,No Email Provided,098-765-4321
659, Eve ,40,"65,000$",M,Marketing,Clerk,2020-01-15,F,No Email Provided,
660, Eve ,35,"60,260$",M,HR,Director,2018-04-05,F,name@company.org,098-765-4321
661, Frank ,35,"55,000$",F,Marketing,Clerk,2020-01-15,D,No Email Provided,123-456-7890
662, Charlie ,25,"55,000$",M,Marketing,Clerk,2018-04-05,D,No Email Provided,555-555-5555
663, Eve ,30,"60,260$",M,Marketing,Director,2020-01-15,D,user@domain.com,
664, Grace ,35,"50,000$",Other,HR,Assistant,2019-03-25,D,email@example.com,
665, Eve ,50,"55,000$",Other,HR,Director,2019-03-25,D,name@company.org,098-765-4321
666, Eve ,30,"70,000$",F,Sales,Clerk,2020-01-15,F,No Email Provided,123-456-7890
667, Eve ,40,"60,260$",F,IT,Assistant,2020-02-20,B,user@domain.com,123-456-7890
668, Jack ,35,"60,260$",M,IT,Manager,2019-03-25,B,email@example.com,
669, Jack ,25,"60,260$",Other,Sales,Director,2018-04-05,A,name@company.org,123-456-7890
670, Charlie ,25,"55,000$",F,Sales,Director,2018-04-05,B,name@company.org,123-456-7890
671, Alice ,35,"50,000$",F,Marketing,Assistant,2019-12-01,B,No Email Provided,
672, Eve ,30,"70,000$",F,Sales,Manager,2018-04-05,F,name@company.org,
673, Ivy ,35,"50,000$",F,Finance,Manager,2019-12-01,D,user@domain.com,555-555-5555
674, Alice ,35,"65,000$",F,IT,Assistant,2020-01-15,D,name@company.org,555-555-5555
675, Charlie ,35,"65,000$",F,Sales,Analyst,2020-01-15,F,No Email Provided,098-765-4321
676, David ,50,"60,260$",M,Finance,Director,2020-01-15,B,user@domain.com,
677, Alice ,25,"55,000$",Other,Finance,Director,2020-02-20,F,email@example.com,098-765-4321
678, Alice ,25,"55,000$",Other,Finance,Clerk,2020-02-20,A,email@example.com,555-555-5555
679, Hannah ,40,"55,000$",F,Finance,Assistant,2019-12-01,D,No Email Provided,
680, Bob ,40,"60,260$",Other,Marketing,Clerk,2018-04-05,C,No Email Provided,123-456-7890
681, Hannah ,35,"65,000$",Other,Finance,Clerk,2018-04-05,A,No Email Provided,555-555-5555
682, Grace ,50,"50,000$",Other,Marketing,Manager,2020-01-15,A,email@example.com,
683, Jack ,30,"60,260$",F,Marketing,Director,2019-03-25,F,email@example.com,555-555-5555
684, Jack ,35,"60,260$",F,Finance,Clerk,2020-02-20,B,email@example.com,
685, Bob ,35,"50,000$",Other,IT,Manager,2020-02-20,D,email@example.com,
686, Frank ,40,"55,000$",Other,Finance,Assistant,2020-01-15,C,name@company.org,
687, Frank ,35,"70,000$",F,Finance,Clerk,2020-02-20,A,user@domain.com,098-765-4321
688, Charlie ,40,"50,000$",M,Finance,Director,2020-01-15,C,user@domain.com,
689, Bob ,35,"65,000$",Other,IT,Clerk,2019-12-01,B,No Email Provided,555-555-5555
690, Alice ,30,"60,260$",M,HR,Assistant,2018-04-05,B,name@company.org,
691, Frank ,35,"60,260$",Other,HR,Clerk,2019-03-25,C,email@example.com,123-456-7890
692, Eve ,35,"60,260$",M,Marketing,Director,2018-04-05,D,email@example.com,555-555-5555
693, Ivy ,50,"60,260$",M,Marketing,Manager,2018-04-05,B,No Email Provided,
694, Alice ,25,"70,000$",M,IT,Director,2019-12-01,C,No Email Provided,
695, Grace ,50,"55,000$",F,Sales,Manager,2020-02-20,A,No Email Provided,123-456-7890
696, Eve ,50,"65,000$",M,HR,Analyst,2019-03-25,C,email@example.com,
697, Eve ,25,"70,000$",M,Marketing,Director,2020-02-20,C,No Email Provided,555-555-5555
698, Bob ,50,"65,000$",M,HR,Director,2018-04-05,F,name@company.org,555-555-5555
699, Charlie ,35,"65,000$",Other,IT,Assistant,2020-01-15,B,user@domain.com,123-456-7890
700, Grace ,35,"55,000$",M,IT,Clerk,2018-04-05,D,email@example.com,
701, Frank ,35,"60,260$",Other,Sales,Manager,2020-02-20,D,name@company.org,555-555-5555
702, Bob ,25,"60,260$",M,Sales,Manager,2018-04-05,F,email@example.com,555-555-5555
703, Frank ,50,"55,000$",M,IT,Assistant,2020-01-15,D,No Email Provided,555-555-5555
704, Bob ,25,"70,000$",F,Marketing,Assistant,2019-12-01,C,No Email Provided,
705, Bob ,35,"60,260$",Other,HR,Clerk,2020-02-20,F,No Email Provided,123-456-7890
706, Bob ,50,"70,000$",M,Finance,Clerk,2018-04-05,A,user@domain.com,555-555-5555
707, Charlie ,50,"60,260$",Other,Sales,Director,2020-02-20,B,No Email Provided,
708, Bob ,40,"70,000$",Other,Finance,Analyst,2019-12-01,B,email@example.com,
709, David ,40,"55,000$",F,Marketing,Clerk,2018-04-05,B,No Email Provided,098-765-4321
710, Ivy ,30,"60,260$",F,Sales,Assistant,2018-04-05,C,email@example.com,123-456-7890
711, Frank ,35,"60,260$",F,Finance,Clerk,2020-02-20,A,user@domain.com,
712, Alice ,40,"65,000$",F,Marketing,Manager,2020-02-20,F,No Email Provided,555-555-5555
713, Hannah ,25,"65,000$",F,HR,Analyst,2020-01-15,F,No Email Provided,098-765-4321
714, Grace ,40,"50,000$",F,Marketing,Director,2019-12-01,B,No Email Provided,123-456-7890
715, Jack ,30,"70,000$",F,Sales,Manager,2020-01-15,A,No Email Provided,
716, Charlie ,50,"65,000$",F,IT,Manager,2018-04-05,A,No Email Provided,098-765-4321
717, Alice ,30,"50,000$",M,HR,Analyst,2020-02-20,A,No Email Provided,098-765-4321
718, Eve ,50,"65,000$",Other,Finance,Director,2018-04-05,D,No Email Provided,
719, David ,50,"70,000$",F,Sales,Assistant,2018-04-05,D,email@example.com,123-456-7890
720, Jack ,35,"60,260$",F,IT,Director,2019-03-25,B,user@domain.com,
721, Hannah ,40,"60,260$",Other,Marketing,Clerk,2019-03-25,A,No Email Provided,
722, Alice ,25,"70,000$",M,IT,Manager,2018-04-05,A,email@example.com,555-555-5555
723, Jack ,25,"55,000$",Other,Sales,Clerk,2020-02-20,F,No Email Provided,
724, Alice ,35,"65,000$",Other,Sales,Assistant,2018-04-05,F,email@example.com,098-765-4321
725, David ,50,"65,000$",F,IT,Clerk,2019-03-25,B,No Email Provided,123-456-7890
726, Hannah ,25,"60,260$",Other,Marketing,Director,2020-02-20,A,No Email Provided,
727, Eve ,35,"55,000$",Other,IT,Clerk,2018-04-05,B,No Email Provided,
728, Bob ,50,"60,260$",F,Sales,Assistant,2019-12-01,F,No Email Provided,123-456-7890
729, Frank ,35,"55,000$",F,Sales,Assistant,2019-12-01,F,name@company.org,
730, Eve ,25,"60,260$",F,Finance,Assistant,2018-04-05,D,email@example.com,555-555-5555
731, Bob ,25,"65,000$",F,Finance,Director,2020-02-20,B,name@company.org,
732, Charlie ,35,"65,000$",Other,HR,Assistant,2018-04-05,B,email@example.com,555-555-5555
733, Ivy ,25,"60,260$",Other,Sales,Manager,2018-04-05,A,user@domain.com,098-765-4321
734, Grace ,50,"50,000$",M,Finance,Assistant,2019-03-25,A,No Email Provided,098-765-4321
735, Grace ,50,"60,260$",M,IT,Clerk,2019-12-01,D,user@domain.com,
736, Frank ,50,"60,260$",Other,Marketing,Clerk,2019-03-25,C,user@domain.com,555-555-5555
737, Hannah ,35,"60,260$",M,IT,Clerk,2019-03-25,C,email@example.com,098-765-4321
738, David ,35,"70,000$",Other,Marketing,Director,2018-04-05,C,name@company.org,
739, Hannah ,25,"65,000$",M,Finance,Clerk,2019-03-25,B,No Email Provided,123-456-7890
740, David ,30,"60,260$",F,HR,Director,2019-12-01,B,email@example.com,123-456-7890
741, Hannah ,30,"55,000$",M,IT,Director,2019-03-25,F,No Email Provided,555-555-5555
742, Ivy ,35,"60,260$",F,IT,Assistant,2019-12-01,B,user@domain.com,
743, Charlie ,25,"70,000$",F,IT,Manager,2019-03-25,B,No Email Provided,
744, Charlie ,30,"65,000$",F,Marketing,Assistant,2019-12-01,B,name@company.org,555-555-5555
745, Bob ,25,"60,260$",F,Finance,Assistant,2019-03-25,D,email@example.com,123-456-7890
746, Jack ,25,"70,000$",M,IT,Director,2019-03-25,B,name@company.org,555-555-5555
747, Charlie ,25,"65,000$",Other,IT,Director,2020-02-20,A,name@company.org,
748, Charlie ,40,"60,260$",F,HR,Clerk,2019-12-01,A,email@example.com,098-765-4321
749, Eve ,50,"50,000$",M,HR,Clerk,2019-12-01,F,name@company.org,
750, Eve ,25,"50,000$",F,Finance,Assistant,2019-12-01,D,No Email Provided,098-765-4321
751, Bob ,40,"55,000$",M,Finance,Analyst,2020-01-15,A,No Email Provided,098-765-4321
752, Jack ,35,"65,000$",M,Sales,Analyst,2019-03-25,D,No Email Provided,098-765-4321
753, Frank ,30,"50,000$",M,HR,Clerk,2019-12-01,D,No Email Provided,555-555-5555
754, Eve ,50,"60,260$",Other,Sales,Analyst,2020-01-15,F,name@company.org,123-456-7890
755, Frank ,30,"65,000$",M,Marketing,Clerk,2020-02-20,D,email@example.com,555-555-5555
756, Alice ,50,"60,260$",M,Sales,Director,2019-12-01,B,email@example.com,123-456-7890
757, Eve ,30,"60,260$",Other,IT,Assistant,2019-12-01,D,No Email Provided,
758, Ivy ,50,"50,000$",Other,Sales,Manager,2020-01-15,F,email@example.com,
759, Jack ,30,"65,000$",M,Finance,Assistant,2019-03-25,F,No Email Provided,
760, Bob ,30,"60,260$",Other,Marketing,Clerk,2020-02-20,F,name@company.org,555-555-5555
761, Alice ,30,"70,000$",F,IT,Clerk,2019-12-01,A,email@example.com,555-555-5555
762, Jack ,30,"50,000$",F,Sales,Assistant,2019-03-25,B,email@example.com,123-456-7890
763, Ivy ,35,"50,000$",Other,Marketing,Clerk,2020-02-20,A,user@domain.com,555-555-5555
764, Jack ,25,"60,260$",Other,Marketing,Analyst,2018-04-05,C,user@domain.com,098-765-4321
765, Ivy ,35,"65,000$",M,IT,Analyst,2018-04-05,B,user@domain.com,555-555-5555
766, Ivy ,40,"65,000$",Other,Sales,Clerk,2020-02-20,D,name@company.org,123-456-7890
767, Frank ,35,"60,260$",M,Marketing,Clerk,2020-01-15,F,No Email Provided,123-456-7890
768, Hannah ,35,"60,260$",F,Marketing,Analyst,2020-02-20,C,No Email Provided,098-765-4321
769, Alice ,50,"60,260$",Other,HR,Clerk,2020-02-20,B,No Email Provided,123-456-7890
770, Jack ,25,"65,000$",M,Marketing,Clerk,2020-01-15,A,name@company.org,
771, David ,50,"60,260$",M,HR,Assistant,2020-01-15,F,name@company.org,
772, Alice ,25,"50,000$",F,Sales,Manager,2019-03-25,A,user@domain.com,555-555-5555
773, Hannah ,25,"55,000$",Other,Sales,Analyst,2019-03-25,B,email@example.com,
774, Alice ,30,"70,000$",F,Sales,Assistant,2020-01-15,B,No Email Provided,555-555-5555
775, Charlie ,35,"50,000$",M,Finance,Manager,2018-04-05,C,No Email Provided,
776, David ,30,"65,000$",M,Sales,Clerk,2018-04-05,D,email@example.com,555-555-5555
777, Hannah ,35,"70,000$",Other,Marketing,Clerk,2020-02-20,A,user@domain.com,098-765-4321
778, Frank ,50,"55,000$",M,IT,Assistant,2019-12-01,C,email@example.com,123-456-7890
779, Jack ,35,"55,000$",Other,HR,Clerk,2020-02-20,F,email@example.com,123-456-7890
780, Grace ,50,"60,260$",F,Finance,Director,2020-02-20,D,No Email Provided,098-765-4321
781, Hannah ,35,"70,000$",Other,Sales,Assistant,2019-12-01,C,user@domain.com,
782, Bob ,35,"60,260$",Other,Sales,Manager,2020-01-15,A,name@company.org,
783, Jack ,35,"50,000$",M,IT,Assistant,2018-04-05,B,No Email Provided,
784, Hannah ,35,"60,260$",M,IT,Analyst,2020-02-20,F,name@company.org,123-456-7890
785, Charlie ,50,"60,260$",Other,Finance,Assistant,2019-12-01,A,user@domain.com,
786, Grace ,30,"60,260$",M,HR,Clerk,2019-03-25,D,email@example.com,555-555-5555
787, Charlie ,50,"70,000$",M,Sales,Clerk,2020-02-20,D,No Email Provided,
788, Grace ,30,"60,260$",M,Finance,Director,2018-04-05,B,No Email Provided,
789, Bob ,35,"50,000$",Other,Marketing,Director,2020-01-15,B,user@domain.com,098-765-4321
790, Jack ,25,"60,260$",M,Marketing,Director,2020-02-20,F,No Email Provided,555-555-5555
791, Frank ,35,"70,000$",Other,Finance,Manager,2020-02-20,F,name@company.org,
792, Charlie ,30,"60,260$",M,Sales,Director,2019-12-01,B,No Email Provided,555-555-5555
793, Charlie ,50,"70,000$",F,Finance,Manager,2019-03-25,B,user@domain.com,
794, Ivy ,35,"60,260$",M,Sales,Director,2019-03-25,D,user@domain.com,123-456-7890
795, Grace ,30,"55,000$",M,IT,Manager,2020-01-15,B,name@company.org,
796, Eve ,50,"60,260$",Other,Finance,Assistant,2018-04-05,C,No Email Provided,098-765-4321
797, Jack ,35,"60,260$",Other,Sales,Assistant,2020-01-15,A,No Email Provided,
798, Grace ,35,"55,000$",M,Finance,Clerk,2020-02-20,B,email@example.com,
799, Ivy ,40,"60,260$",F,Finance,Manager,2020-02-20,F,No Email Provided,098-765-4321
800, Alice ,25,"70,000$",M,Sales,Analyst,2019-03-25,C,user@domain.com,
801, Grace ,40,"70,000$",M,Sales,Clerk,2018-04-05,F,email@example.com,
802, Frank ,35,"70,000$",F,HR,Assistant,2019-12-01,C,user@domain.com,
803, Jack ,30,"65,000$",Other,Finance,Manager,2018-04-05,B,email@example.com,555-555-5555
804, Ivy ,35,"50,000$",M,Marketing,Director,2020-02-20,A,No Email Provided,
805, Alice ,50,"70,000$",Other,Finance,Analyst,2019-12-01,F,email@example.com,
806, David ,35,"55,000$",Other,Finance,Assistant,2018-04-05,C,user@domain.com,123-456-7890
807, Ivy ,40,"70,000$",F,Sales,Clerk,2018-04-05,D,No Email Provided,
808, David ,40,"65,000$",F,Finance,Manager,2019-12-01,B,user@domain.com,555-555-5555
809, Jack ,40,"60,260$",Other,Finance,Analyst,2020-02-20,A,name@company.org,098-765-4321
810, Charlie ,35,"55,000$",M,Marketing,Manager,2018-04-05,B,name@company.org,098-765-4321
811, Ivy ,35,"65,000$",Other,Sales,Director,2019-12-01,D,name@company.org,098-765-4321
812, Bob ,30,"60,260$",M,Finance,Clerk,2020-02-20,A,name@company.org,123-456-7890
813, David ,50,"55,000$",M,IT,Manager,2019-12-01,D,No Email Provided,555-555-5555
814, Frank ,30,"60,260$",F,HR,Assistant,2019-12-01,B,No Email Provided,
815, Bob ,35,"50,000$",M,Marketing,Clerk,2018-04-05,C,No Email Provided,098-765-4321
816, Hannah ,50,"50,000$",M,Finance,Assistant,2020-02-20,B,user@domain.com,555-555-5555
817, Hannah ,40,"65,000$",Other,IT,Manager,2018-04-05,B,email@example.com,
818, Alice ,25,"60,260$",F,Finance,Clerk,2020-01-15,B,user@domain.com,123-456-7890
819, Charlie ,35,"50,000$",M,Finance,Assistant,2020-01-15,F,user@domain.com,555-555-5555
820, Jack ,35,"60,260$",M,Sales,Director,2020-02-20,D,user@domain.com,555-555-5555
821, Ivy ,35,"60,260$",F,Sales,Director,2019-12-01,D,user@domain.com,
822, Eve ,30,"65,000$",Other,Sales,Manager,2018-04-05,D,No Email Provided,555-555-5555
823, Frank ,35,"65,000$",F,IT,Clerk,2018-04-05,F,email@example.com,
824, David ,35,"65,000$",F,Finance,Analyst,2020-02-20,C,user@domain.com,123-456-7890
825, Jack ,40,"50,000$",M,HR,Clerk,2020-02-20,B,No Email Provided,123-456-7890
826, Bob ,40,"65,000$",M,Marketing,Director,2020-01-15,C,user@domain.com,
827, Hannah ,50,"50,000$",Other,Sales,Assistant,2019-03-25,F,name@company.org,
828, Frank ,25,"65,000$",M,Sales,Analyst,2020-02-20,D,user@domain.com,
829, Eve ,35,"70,000$",M,Finance,Manager,2019-03-25,B,user@domain.com,098-765-4321
830, Ivy ,25,"60,260$",F,Finance,Analyst,2020-02-20,A,No Email Provided,098-765-4321
831, Alice ,50,"65,000$",M,IT,Manager,2019-12-01,A,name@company.org,
832, Eve ,40,"55,000$",Other,IT,Analyst,2019-12-01,C,email@example.com,123-456-7890
833, Frank ,30,"60,260$",F,Sales,Manager,2020-01-15,D,user@domain.com,098-765-4321
834, Eve ,40,"60,260$",Other,Finance,Manager,2020-01-15,A,email@example.com,555-555-5555
835, Frank ,35,"65,000$",F,HR,Analyst,2019-03-25,C,name@company.org,123-456-7890
836, Frank ,40,"60,260$",M,Marketing,Analyst,2020-02-20,F,user@domain.com,555-555-5555
837, Grace ,35,"65,000$",F,Finance,Manager,2018-04-05,C,No Email Provided,
838, David ,35,"60,260$",F,Finance,Director,2020-01-15,C,No Email Provided,123-456-7890
839, Hannah ,35,"55,000$",M,IT,Analyst,2018-04-05,C,No Email Provided,
840, Grace ,50,"60,260$",M,Marketing,Clerk,2018-04-05,B,No Email Provided,
841, Ivy ,35,"55,000$",Other,Sales,Assistant,2020-02-20,C,No Email Provided,
842, Grace ,35,"50,000$",Other,Finance,Manager,2019-03-25,C,No Email Provided,555-555-5555
843, Charlie ,30,"70,000$",M,Sales,Manager,2020-02-20,B,No Email Provided,
844, Charlie ,25,"60,260$",M,Finance,Assistant,2020-01-15,B,user@domain.com,098-765-4321
845, Hannah ,35,"65,000$",M,Sales,Director,2018-04-05,F,email@example.com,123-456-7890
846, Eve ,25,"50,000$",F,Marketing,Assistant,2020-02-20,D,email@example.com,098-765-4321
847, David ,35,"70,000$",F,IT,Analyst,2020-02-20,A,No Email Provided,555-555-5555
848, Hannah ,30,"65,000$",F,Marketing,Assistant,2020-02-20,A,No Email Provided,555-555-5555
849, Frank ,40,"60,260$",M,HR,Manager,2020-01-15,C,name@company.org,123-456-7890
850, Bob ,30,"65,000$",Other,IT,Assistant,2019-03-25,F,No Email Provided,
851, David ,35,"55,000$",M,Marketing,Clerk,2020-02-20,C,No Email Provided,
852, David ,30,"55,000$",F,HR,Analyst,2020-01-15,A,No Email Provided,555-555-5555
853, Frank ,30,"60,260$",F,Finance,Assistant,2018-04-05,B,user@domain.com,123-456-7890
854, Frank ,35,"50,000$",M,Finance,Manager,2019-12-01,D,user@domain.com,
855, Alice ,50,"70,000$",M,Sales,Analyst,2020-01-15,F,email@example.com,
856, Hannah ,30,"65,000$",F,IT,Manager,2019-12-01,B,email@example.com,555-555-5555
857, Frank ,35,"55,000$",F,Finance,Director,2020-02-20,D,name@company.org,123-456-7890
858, Charlie ,35,"50,000$",F,IT,Clerk,2020-02-20,F,name@company.org,123-456-7890
859, Ivy ,30,"60,260$",M,Finance,Director,2020-01-15,F,name@company.org,123-456-7890
860, Bob ,50,"60,260$",F,Sales,Clerk,2019-12-01,A,name@company.org,555-555-5555
861, Hannah ,40,"55,000$",F,Marketing,Assistant,2020-02-20,B,No Email Provided,
862, Jack ,35,"60,260$",Other,Sales,Analyst,2018-04-05,F,No Email Provided,123-456-7890
863, Charlie ,35,"65,000$",M,HR,Assistant,2019-03-25,F,email@example.com,
864, Eve ,40,"70,000$",Other,Finance,Clerk,2019-03-25,D,user@domain.com,123-456-7890
865, Frank ,30,"55,000$",Other,HR,Clerk,2020-02-20,A,user@domain.com,
866, Jack ,40,"55,000$",F,HR,Clerk,2019-12-01,C,No Email Provided,555-555-5555
867, Frank ,25,"65,000$",M,IT,Manager,2020-02-20,A,No Email Provided,123-456-7890
868, David ,35,"60,260$",F,Finance,Analyst,2019-12-01,C,name@company.org,123-456-7890
869, Charlie ,30,"50,000$",M,HR,Assistant,2018-04-05,B,name@company.org,
870, David ,35,"70,000$",Other,Marketing,Assistant,2019-12-01,B,No Email Provided,
871, Alice ,50,"55,000$",M,HR,Director,2020-02-20,F,user@domain.com,123-456-7890
872, David ,30,"70,000$",F,Marketing,Clerk,2018-04-05,B,name@company.org,123-456-7890
873, Alice ,35,"55,000$",F,IT,Clerk,2020-01-15,F,user@domain.com,
874, Alice ,50,"70,000$",F,HR,Clerk,2019-03-25,A,No Email Provided,
875, Jack ,50,"60,260$",M,Sales,Assistant,2020-02-20,B,user@domain.com,098-765-4321
876, Frank ,30,"55,000$",Other,IT,Director,2020-02-20,A,user@domain.com,098-765-4321
877, Eve ,40,"70,000$",Other,Marketing,Manager,2020-02-20,A,user@domain.com,123-456-7890
878, David ,40,"50,000$",M,IT,Analyst,2018-04-05,B,name@company.org,
879, Charlie ,50,"60,260$",F,HR,Manager,2020-01-15,A,email@example.com,555-555-5555
880, Alice ,40,"60,260$",Other,Finance,Assistant,2019-12-01,B,No Email Provided,555-555-5555
881, Frank ,25,"50,000$",F,Finance,Clerk,2020-01-15,B,user@domain.com,098-765-4321
882, Bob ,50,"70,000$",M,Marketing,Analyst,2018-04-05,B,user@domain.com,
883, Hannah ,50,"65,000$",F,Marketing,Assistant,2020-02-20,C,user@domain.com,098-765-4321
884, Jack ,35,"50,000$",Other,Finance,Assistant,2019-03-25,A,email@example.com,123-456-7890
885, Eve ,40,"70,000$",Other,Marketing,Assistant,2020-02-20,D,No Email Provided,
886, Grace ,50,"50,000$",F,IT,Analyst,2019-12-01,B,name@company.org,555-555-5555
887, Jack ,25,"50,000$",M,Sales,Analyst,2019-03-25,A,email@example.com,
888, Bob ,35,"55,000$",F,Sales,Director,2020-02-20,F,user@domain.com,
889, Hannah ,30,"70,000$",M,IT,Director,2019-03-25,B,email@example.com,123-456-7890
890, Bob ,50,"65,000$",F,Sales,Manager,2020-01-15,B,email@example.com,098-765-4321
891, David ,25,"55,000$",Other,HR,Analyst,2018-04-05,D,email@example.com,123-456-7890
892, Alice ,35,"50,000$",M,IT,Analyst,2020-02-20,C,No Email Provided,
893, Eve ,25,"60,260$",M,Marketing,Analyst,2019-12-01,C,No Email Provided,555-555-5555
894, Ivy ,25,"50,000$",M,IT,Director,2020-01-15,B,name@company.org,
895, Alice ,35,"50,000$",Other,Finance,Assistant,2020-02-20,A,No Email Provided,
896, Ivy ,30,"70,000$",F,Marketing,Clerk,2020-01-15,F,No Email Provided,
897, Hannah ,35,"70,000$",Other,Finance,Director,2019-12-01,F,No Email Provided,
898, Frank ,40,"55,000$",M,Marketing,Analyst,2020-02-20,A,No Email Provided,
899, Grace ,40,"65,000$",F,Sales,Director,2019-12-01,B,email@example.com,098-765-4321
900, Charlie ,25,"55,000$",Other,IT,Manager,2019-03-25,F,email@example.com,
901, Alice ,35,"60,260$",M,HR,Analyst,2019-12-01,C,user@domain.com,123-456-7890
902, Eve ,35,"50,000$",M,Marketing,Manager,2019-03-25,A,No Email Provided,
903, Bob ,40,"60,260$",Other,Marketing,Analyst,2020-02-20,D,user@domain.com,123-456-7890
904, Eve ,35,"50,000$",Other,Finance,Director,2019-03-25,B,name@company.org,
905, Hannah ,30,"50,000$",Other,Sales,Assistant,2020-02-20,A,email@example.com,
906, Ivy ,35,"55,000$",M,Finance,Clerk,2020-02-20,F,name@company.org,
907, Bob ,50,"60,260$",Other,Finance,Manager,2018-04-05,B,No Email Provided,
908, Charlie ,50,"60,260$",M,Sales,Director,2020-02-20,C,email@example.com,098-765-4321
909, Charlie ,30,"60,260$",Other,HR,Assistant,2019-03-25,B,name@company.org,
910, Alice ,40,"55,000$",M,Finance,Director,2018-04-05,B,No Email Provided,123-456-7890
911, Hannah ,30,"50,000$",M,Finance,Manager,2018-04-05,C,name@company.org,123-456-7890
912, Frank ,35,"55,000$",F,Marketing,Clerk,2020-02-20,C,No Email Provided,
913, Hannah ,50,"70,000$",Other,Sales,Director,2019-12-01,B,No Email Provided,098-765-4321
914, Ivy ,25,"70,000$",Other,IT,Analyst,2019-12-01,C,email@example.com,098-765-4321
915, Eve ,25,"55,000$",M,HR,Assistant,2018-04-05,A,user@domain.com,098-765-4321
916, Charlie ,40,"60,260$",M,HR,Director,2020-02-20,C,No Email Provided,123-456-7890
917, Eve ,35,"50,000$",M,Sales,Assistant,2019-12-01,C,No Email Provided,
918, Eve ,35,"55,000$",F,Marketing,Analyst,2020-02-20,B,email@example.com,098-765-4321
919, Eve ,35,"55,000$",F,Marketing,Clerk,2020-02-20,A,user@domain.com,123-456-7890
920, Charlie ,25,"55,000$",M,Sales,Clerk,2018-04-05,D,No Email Provided,123-456-7890
921, Jack ,25,"60,260$",Other,Marketing,Analyst,2018-04-05,D,No Email Provided,
922, David ,50,"70,000$",Other,HR,Assistant,2020-01-15,F,user@domain.com,
923, Ivy ,35,"60,260$",F,HR,Director,2019-12-01,C,name@company.org,
924, Jack ,35,"65,000$",F,IT,Analyst,2019-12-01,C,email@example.com,098-765-4321
925, Ivy ,25,"60,260$",M,Sales,Manager,2019-12-01,A,user@domain.com,098-765-4321
926, Bob ,35,"65,000$",Other,Finance,Assistant,2019-03-25,D,No Email Provided,
927, Hannah ,40,"60,260$",M,Finance,Clerk,2020-02-20,F,No Email Provided,098-765-4321
928, Hannah ,40,"55,000$",F,IT,Analyst,2018-04-05,A,No Email Provided,
929, Grace ,35,"60,260$",Other,IT,Clerk,2019-12-01,C,No Email Provided,123-456-7890
930, Hannah ,40,"60,260$",Other,Marketing,Assistant,2020-01-15,D,email@example.com,098-765-4321
931, Charlie ,25,"50,000$",F,IT,Clerk,2019-12-01,F,No Email Provided,123-456-7890
932, Frank ,25,"70,000$",M,IT,Analyst,2020-02-20,B,user@domain.com,555-555-5555
933, Alice ,35,"65,000$",M,Finance,Assistant,2020-02-20,D,No Email Provided,
934, Grace ,35,"55,000$",Other,Marketing,Manager,2018-04-05,F,name@company.org,555-555-5555
935, Alice ,50,"65,000$",F,IT,Analyst,2019-03-25,A,user@domain.com,098-765-4321
936, Ivy ,35,"60,260$",Other,IT,Director,2018-04-05,B,email@example.com,123-456-7890
937, Alice ,35,"65,000$",F,Marketing,Analyst,2019-12-01,F,user@domain.com,098-765-4321
938, Alice ,40,"60,260$",M,Sales,Assistant,2020-01-15,F,name@company.org,555-555-5555
939, Grace ,35,"70,000$",F,Marketing,Analyst,2018-04-05,C,email@example.com,098-765-4321
940, Bob ,30,"60,260$",M,Finance,Manager,2019-03-25,D,No Email Provided,
941, Eve ,50,"65,000$",F,Sales,Manager,2018-04-05,C,name@company.org,555-555-5555
942, Hannah ,30,"65,000$",Other,HR,Director,2020-02-20,B,email@example.com,098-765-4321
943, Hannah ,25,"60,260$",M,Marketing,Clerk,2019-12-01,F,No Email Provided,123-456-7890
944, Charlie ,40,"60,260$",Other,Finance,Assistant,2019-12-01,C,user@domain.com,098-765-4321
945, Grace ,35,"70,000$",Other,Sales,Assistant,2019-12-01,D,email@example.com,123-456-7890
946, Charlie ,30,"50,000$",M,Marketing,Clerk,2019-12-01,B,user@domain.com,
947, Frank ,40,"55,000$",M,IT,Manager,2019-12-01,A,No Email Provided,098-765-4321
948, Frank ,25,"65,000$",Other,Marketing,Manager,2019-12-01,C,email@example.com,
949, Charlie ,35,"55,000$",Other,HR,Analyst,2020-01-15,B,No Email Provided,555-555-5555
950, Grace ,50,"50,000$",Other,Marketing,Director,2019-03-25,A,name@company.org,123-456-7890
951, Charlie ,40,"55,000$",Other,Sales,Director,2019-12-01,C,email@example.com,555-555-5555
952, Hannah ,40,"50,000$",M,Sales,Director,2019-03-25,B,No Email Provided,123-456-7890
953, Jack ,35,"60,260$",M,Marketing,Analyst,2019-12-01,B,email@example.com,
954, David ,40,"60,260$",Other,Sales,Director,2018-04-05,C,user@domain.com,
955, Alice ,25,"65,000$",F,IT,Clerk,2019-12-01,B,email@example.com,098-765-4321
956, David ,25,"50,000$",F,Marketing,Analyst,2020-02-20,F,No Email Provided,
957, Grace ,35,"55,000$",M,IT,Clerk,2020-01-15,C,email@example.com,123-456-7890
958, David ,50,"65,000$",Other,IT,Analyst,2018-04-05,B,name@company.org,123-456-7890
959, Frank ,35,"60,260$",Other,Finance,Director,2018-04-05,A,email@example.com,123-456-7890
960, Ivy ,30,"60,260$",M,Marketing,Clerk,2020-02-20,A,user@domain.com,123-456-7890
961, Alice ,35,"65,000$",F,Sales,Clerk,2019-12-01,F,email@example.com,098-765-4321
962, Eve ,40,"50,000$",F,IT,Clerk,2020-01-15,C,No Email Provided,555-555-5555
963, Grace ,30,"60,260$",F,Finance,Analyst,2018-04-05,B,No Email Provided,
964, Alice ,35,"55,000$",M,Marketing,Assistant,2020-01-15,B,email@example.com,098-765-4321
965, David ,35,"60,260$",F,Marketing,Director,2018-04-05,A,email@example.com,123-456-7890
966, Frank ,50,"60,260$",M,HR,Clerk,2019-12-01,F,name@company.org,098-765-4321
967, Bob ,30,"70,000$",M,HR,Assistant,2018-04-05,A,No Email Provided,
968, Jack ,25,"60,260$",Other,IT,Director,2018-04-05,A,No Email Provided,123-456-7890
969, Eve ,30,"60,260$",F,HR,Director,2019-03-25,F,user@domain.com,
970, Jack ,40,"65,000$",M,IT,Clerk,2019-12-01,C,email@example.com,123-456-7890
971, Alice ,25,"55,000$",F,Sales,Clerk,2020-02-20,B,No Email Provided,
972, Frank ,35,"65,000$",F,IT,Analyst,2020-02-20,C,user@domain.com,
973, Frank ,30,"65,000$",Other,HR,Assistant,2019-12-01,D,No Email Provided,555-555-5555
974, David ,35,"50,000$",F,Sales,Assistant,2020-02-20,D,No Email Provided,555-555-5555
975, Hannah ,50,"65,000$",Other,HR,Clerk,2019-12-01,D,No Email Provided,098-765-4321
976, David ,35,"70,000$",M,IT,Director,2020-02-20,F,user@domain.com,098-765-4321
977, Hannah ,50,"70,000$",F,Finance,Clerk,2019-03-25,A,No Email Provided,
978, Hannah ,40,"50,000$",M,Marketing,Director,2020-02-20,C,No Email Provided,123-456-7890
979, Eve ,35,"60,260$",F,HR,Director,2018-04-05,B,No Email Provided,
980, David ,30,"55,000$",M,IT,Clerk,2019-12-01,D,No Email Provided,
981, Bob ,30,"55,000$",F,Sales,Manager,2020-01-15,C,No Email Provided,123-456-7890
982, Charlie ,35,"65,000$",F,HR,Assistant,2020-01-15,D,name@company.org,123-456-7890
983, Charlie ,30,"65,000$",F,HR,Director,2019-12-01,D,user@domain.com,555-555-5555
984, David ,40,"60,260$",F,Marketing,Director,2019-03-25,B,No Email Provided,
985, David ,25,"65,000$",F,IT,Manager,2020-02-20,F,No Email Provided,
986, Jack ,40,"55,000$",F,Finance,Analyst,2019-03-25,A,user@domain.com,098-765-4321
987, Eve ,50,"60,260$",F,Sales,Manager,2020-01-15,F,user@domain.com,555-555-5555
988, David ,40,"70,000$",F,IT,Manager,2019-12-01,C,user@domain.com,
989, Jack ,50,"60,260$",F,Sales,Director,2019-12-01,F,user@domain.com,123-456-7890
990, Hannah ,30,"60,260$",M,HR,Assistant,2019-03-25,C,email@example.com,
991, Frank ,25,"55,000$",Other,Marketing,Manager,2019-03-25,C,No Email Provided,
992, Frank ,30,"60,260$",F,Marketing,Analyst,2020-02-20,A,email@example.com,555-555-5555
993, Hannah ,35,"60,260$",Other,Finance,Clerk,2018-04-05,B,No Email Provided,123-456-7890
994, Grace ,30,"50,000$",F,Marketing,Manager,2018-04-05,A,No Email Provided,
995, Jack ,50,"65,000$",F,HR,Manager,2020-02-20,F,No Email Provided,098-765-4321
996, Jack ,30,"50,000$",M,Finance,Analyst,2018-04-05,C,No Email Provided,555-555-5555
997, Hannah ,30,"70,000$",M,IT,Assistant,2020-01-15,D,user@domain.com,
998, Bob ,25,"65,000$",Other,Marketing,Manager,2018-04-05,D,email@example.com,
999, Ivy ,30,"60,260$",M,Finance,Manager,2020-02-20,C,user@domain.com,123-456-7890
